"Name","Activity type","Description"
"Bike to Work","biking",""

"Segment","Point","Latitude (deg)","Longitude (deg)","Altitude (m)","Bearing (deg)","Accuracy (m)","Speed (m/s)","Time","Power (W)","Cadence (rpm)","Heart rate (bpm)"
"1","1","33.96717","-83.403686","219.1999969482422","","6","0","2015-08-04T12:21:50.699Z","","",""
"1","2","33.967098","-83.40375","218.3000030517578","61.0","3.9","0.25","2015-08-04T12:24:49.500Z","","",""
"1","3","33.967099","-83.403759","218.3000030517578","","3.9","0","2015-08-04T12:24:50.467Z","","",""
"1","4","33.967023","-83.403787","211.5","218.0","4","3","2015-08-04T12:25:32.504Z","","",""
"1","5","33.966986","-83.403808","211.60000610351563","207.0","3.9","4.25","2015-08-04T12:25:33.487Z","","",""
"1","6","33.966902","-83.40379","211.1999969482422","165.0","3.9","4.5","2015-08-04T12:25:35.548Z","","",""
"1","7","33.966866","-83.403752","211.39999389648438","144.0","3.9","4.5","2015-08-04T12:25:36.487Z","","",""
"1","8","33.966828","-83.403666","211.6999969482422","130.0","3.9","5.25","2015-08-04T12:25:37.493Z","","",""
"1","9","33.966795","-83.403622","211.89999389648438","130.0","3.9","5.25","2015-08-04T12:25:38.488Z","","",""
"1","10","33.966739","-83.40354","212.39999389648438","130.0","3.9","4.75","2015-08-04T12:25:40.558Z","","",""
"1","11","33.966714","-83.403506","212.39999389648438","129.0","3.9","4","2015-08-04T12:25:41.496Z","","",""
"1","12","33.966702","-83.403412","212.5","73.0","3.9","3.5","2015-08-04T12:25:44.501Z","","",""
"1","13","33.966721","-83.403369","212.3000030517578","62.0","3.9","4.25","2015-08-04T12:25:45.492Z","","",""
"1","14","33.966746","-83.403321","212.39999389648438","55.0","3.9","5","2015-08-04T12:25:46.587Z","","",""
"1","15","33.96678","-83.403276","212.39999389648438","48.0","3.9","5.5","2015-08-04T12:25:47.473Z","","",""
"1","16","33.966811","-83.403228","212.39999389648438","52.0","4","5.5","2015-08-04T12:25:48.668Z","","",""
"1","17","33.966854","-83.40319","212.5","39.0","3.9","6","2015-08-04T12:25:49.490Z","","",""
"1","18","33.966897","-83.403149","212.8000030517578","40.0","4","6","2015-08-04T12:25:50.542Z","","",""
"1","19","33.966938","-83.403105","212.8000030517578","43.0","4","6","2015-08-04T12:25:51.495Z","","",""
"1","20","33.966971","-83.403056","212.8000030517578","47.0","4","6","2015-08-04T12:25:52.507Z","","",""
"1","21","33.967017","-83.403008","213.0","43.0","3.9","6.75","2015-08-04T12:25:53.501Z","","",""
"1","22","33.967062","-83.402949","212.8000030517578","47.0","3.9","6.5","2015-08-04T12:25:54.539Z","","",""
"1","23","33.967112","-83.402902","213.1999969482422","37.0","3.9","7","2015-08-04T12:25:55.485Z","","",""
"1","24","33.967164","-83.402861","214.10000610351563","41.0","3.9","6.5","2015-08-04T12:25:56.538Z","","",""
"1","25","33.967217","-83.402819","214.3000030517578","37.0","3.9","7","2015-08-04T12:25:57.510Z","","",""
"1","26","33.967276","-83.40277","214.0","36.0","3.9","7","2015-08-04T12:25:58.658Z","","",""
"1","27","33.967321","-83.402735","213.89999389648438","41.0","3.9","6.75","2015-08-04T12:25:59.507Z","","",""
"1","28","33.96737","-83.402685","213.39999389648438","45.0","3.9","6.75","2015-08-04T12:26:00.558Z","","",""
"1","29","33.967414","-83.402636","213.60000610351563","44.0","3.9","6.75","2015-08-04T12:26:01.481Z","","",""
"1","30","33.967459","-83.402587","213.5","39.0","3.9","6.75","2015-08-04T12:26:02.539Z","","",""
"1","31","33.967506","-83.402541","213.3000030517578","39.0","5","6.75","2015-08-04T12:26:03.478Z","","",""
"1","32","33.967543","-83.402497","213.0","40.0","3.9","5.75","2015-08-04T12:26:04.517Z","","",""
"1","33","33.967579","-83.40246","212.89999389648438","41.0","3.9","5","2015-08-04T12:26:05.489Z","","",""
"1","34","33.967605","-83.402365","213.5","82.0","4","2.75","2015-08-04T12:26:09.496Z","","",""
"1","35","33.96757","-83.402326","212.39999389648438","130.0","3.9","5.25","2015-08-04T12:26:10.480Z","","",""
"1","36","33.96754","-83.402283","212.0","130.0","4","5.25","2015-08-04T12:26:11.542Z","","",""
"1","37","33.967502","-83.402223","211.5","127.0","3.9","7","2015-08-04T12:26:12.508Z","","",""
"1","38","33.967464","-83.40216","211.8000030517578","128.0","3.9","8","2015-08-04T12:26:13.564Z","","",""
"1","39","33.967415","-83.402092","211.8000030517578","129.0","3.9","8.25","2015-08-04T12:26:14.513Z","","",""
"1","40","33.967366","-83.402017","212.6999969482422","132.0","3.9","8.75","2015-08-04T12:26:15.582Z","","",""
"1","41","33.967314","-83.401944","213.10000610351563","128.0","3.9","9","2015-08-04T12:26:16.511Z","","",""
"1","42","33.96726","-83.401874","213.89999389648438","131.0","3.9","9.25","2015-08-04T12:26:17.577Z","","",""
"1","43","33.967199","-83.401793","213.10000610351563","128.0","3.9","9.5","2015-08-04T12:26:18.508Z","","",""
"1","44","33.967142","-83.401717","212.89999389648438","130.0","3.9","9.5","2015-08-04T12:26:19.566Z","","",""
"1","45","33.967088","-83.401641","213.5","130.0","3.9","9.75","2015-08-04T12:26:20.513Z","","",""
"1","46","33.967034","-83.401565","213.1999969482422","129.0","3.9","10","2015-08-04T12:26:21.576Z","","",""
"1","47","33.966981","-83.40148","212.6999969482422","127.0","3.9","10","2015-08-04T12:26:22.510Z","","",""
"1","48","33.966926","-83.401394","212.89999389648438","127.0","4","10","2015-08-04T12:26:23.560Z","","",""
"1","49","33.966868","-83.401303","212.10000610351563","124.0","3.9","10.5","2015-08-04T12:26:24.489Z","","",""
"1","50","33.966868","-83.401303","212.10000610351563","124.0","3.9","10.5","2015-08-04T12:26:24.557Z","","",""
"1","51","33.966827","-83.401197","211.60000610351563","114.0","3.9","10.5","2015-08-04T12:26:25.494Z","","",""
"1","52","33.966827","-83.401197","211.60000610351563","114.0","3.9","10.5","2015-08-04T12:26:25.556Z","","",""
"1","53","33.966795","-83.401083","211.6999969482422","104.0","3.9","10.75","2015-08-04T12:26:26.509Z","","",""
"1","54","33.966795","-83.401083","211.6999969482422","104.0","3.9","10.75","2015-08-04T12:26:26.577Z","","",""
"1","55","33.966775","-83.400966","211.10000610351563","99.0","3.9","11.25","2015-08-04T12:26:27.497Z","","",""
"1","56","33.966775","-83.400966","211.10000610351563","99.0","3.9","11.25","2015-08-04T12:26:27.561Z","","",""
"1","57","33.96676","-83.400842","210.89999389648438","98.0","3.9","11","2015-08-04T12:26:28.515Z","","",""
"1","58","33.96676","-83.400842","210.89999389648438","98.0","3.9","11","2015-08-04T12:26:28.572Z","","",""
"1","59","33.966741","-83.400716","210.5","99.0","3.9","12","2015-08-04T12:26:29.509Z","","",""
"1","60","33.966741","-83.400716","210.5","99.0","3.9","12","2015-08-04T12:26:29.606Z","","",""
"1","61","33.966726","-83.40059","210.5","99.0","3.9","11.75","2015-08-04T12:26:30.510Z","","",""
"1","62","33.966726","-83.40059","210.5","99.0","3.9","11.75","2015-08-04T12:26:30.577Z","","",""
"1","63","33.966709","-83.400458","210.1999969482422","100.0","3.9","12","2015-08-04T12:26:31.505Z","","",""
"1","64","33.966709","-83.400458","210.1999969482422","100.0","3.9","12","2015-08-04T12:26:31.563Z","","",""
"1","65","33.966692","-83.400325","209.3000030517578","98.0","3.9","12.25","2015-08-04T12:26:32.508Z","","",""
"1","66","33.966692","-83.400325","209.3000030517578","98.0","3.9","12.25","2015-08-04T12:26:32.574Z","","",""
"1","67","33.966675","-83.400194","209.3000030517578","98.0","5","12.25","2015-08-04T12:26:33.478Z","","",""
"1","68","33.966675","-83.400194","209.3000030517578","98.0","5","12.25","2015-08-04T12:26:33.495Z","","",""
"1","69","33.96667","-83.400051","206.8000030517578","97.0","3.9","13","2015-08-04T12:26:34.474Z","","",""
"1","70","33.96667","-83.400051","206.8000030517578","97.0","3.9","13","2015-08-04T12:26:34.496Z","","",""
"1","71","33.966647","-83.399917","206.5","97.0","3.9","12.75","2015-08-04T12:26:35.475Z","","",""
"1","72","33.966647","-83.399917","206.5","97.0","3.9","12.75","2015-08-04T12:26:35.554Z","","",""
"1","73","33.966633","-83.399779","205.5","98.0","3.9","13","2015-08-04T12:26:36.511Z","","",""
"1","74","33.966633","-83.399779","205.5","98.0","3.9","13","2015-08-04T12:26:36.572Z","","",""
"1","75","33.966616","-83.39964","204.8000030517578","98.0","4","13","2015-08-04T12:26:37.491Z","","",""
"1","76","33.966616","-83.39964","204.8000030517578","98.0","4","13","2015-08-04T12:26:37.551Z","","",""
"1","77","33.966607","-83.399498","203.39999389648438","96.0","3.9","13","2015-08-04T12:26:38.503Z","","",""
"1","78","33.966607","-83.399498","203.39999389648438","96.0","3.9","13","2015-08-04T12:26:38.567Z","","",""
"1","79","33.966592","-83.39936","201.8000030517578","97.0","3.9","13.5","2015-08-04T12:26:39.513Z","","",""
"1","80","33.966592","-83.39936","201.8000030517578","97.0","3.9","13.5","2015-08-04T12:26:39.542Z","","",""
"1","81","33.966583","-83.39922","200.3000030517578","96.0","3.9","13.25","2015-08-04T12:26:40.493Z","","",""
"1","82","33.966583","-83.39922","200.3000030517578","96.0","3.9","13.25","2015-08-04T12:26:40.584Z","","",""
"1","83","33.96657","-83.399078","198.60000610351563","97.0","3.9","13.5","2015-08-04T12:26:41.510Z","","",""
"1","84","33.96657","-83.399078","198.60000610351563","97.0","3.9","13.5","2015-08-04T12:26:41.607Z","","",""
"1","85","33.966552","-83.398932","198.10000610351563","97.0","3.9","13.25","2015-08-04T12:26:42.483Z","","",""
"1","86","33.966552","-83.398932","198.10000610351563","97.0","3.9","13.25","2015-08-04T12:26:42.509Z","","",""
"1","87","33.966542","-83.398783","196.89999389648438","96.0","3.9","13.5","2015-08-04T12:26:43.472Z","","",""
"1","88","33.966542","-83.398783","196.89999389648438","96.0","3.9","13.5","2015-08-04T12:26:43.498Z","","",""
"1","89","33.966528","-83.398642","195.60000610351563","97.0","3.9","13.25","2015-08-04T12:26:44.467Z","","",""
"1","90","33.966528","-83.398642","195.60000610351563","97.0","3.9","13.25","2015-08-04T12:26:44.494Z","","",""
"1","91","33.96652","-83.398494","194.1999969482422","96.0","3.9","13.25","2015-08-04T12:26:45.468Z","","",""
"1","92","33.96652","-83.398494","194.1999969482422","96.0","3.9","13.25","2015-08-04T12:26:45.494Z","","",""
"1","93","33.966508","-83.398352","192.3000030517578","96.0","3.9","13.25","2015-08-04T12:26:46.470Z","","",""
"1","94","33.966508","-83.398352","192.3000030517578","96.0","3.9","13.25","2015-08-04T12:26:46.496Z","","",""
"1","95","33.966498","-83.398209","191.39999389648438","97.0","3.9","13","2015-08-04T12:26:47.468Z","","",""
"1","96","33.966498","-83.398209","191.39999389648438","97.0","3.9","13","2015-08-04T12:26:47.492Z","","",""
"1","97","33.966468","-83.398074","191.60000610351563","97.0","3.9","12.75","2015-08-04T12:26:48.471Z","","",""
"1","98","33.966468","-83.398074","191.60000610351563","97.0","3.9","12.75","2015-08-04T12:26:48.498Z","","",""
"1","99","33.966451","-83.397938","191.1999969482422","97.0","3.9","13","2015-08-04T12:26:49.468Z","","",""
"1","100","33.966451","-83.397938","191.1999969482422","97.0","3.9","13","2015-08-04T12:26:49.499Z","","",""
"1","101","33.966436","-83.397806","190.60000610351563","97.0","3.9","12.5","2015-08-04T12:26:50.468Z","","",""
"1","102","33.966436","-83.397806","190.60000610351563","97.0","3.9","12.5","2015-08-04T12:26:50.492Z","","",""
"1","103","33.966421","-83.397672","190.10000610351563","96.0","3.9","12","2015-08-04T12:26:51.467Z","","",""
"1","104","33.966421","-83.397672","190.10000610351563","96.0","3.9","12","2015-08-04T12:26:51.497Z","","",""
"1","105","33.966409","-83.397548","190.39999389648438","95.0","3.9","11.5","2015-08-04T12:26:52.469Z","","",""
"1","106","33.966409","-83.397548","190.39999389648438","95.0","3.9","11.5","2015-08-04T12:26:52.496Z","","",""
"1","107","33.9664","-83.397425","189.89999389648438","95.0","3.9","11","2015-08-04T12:26:53.480Z","","",""
"1","108","33.9664","-83.397425","189.89999389648438","95.0","3.9","11","2015-08-04T12:26:53.509Z","","",""
"1","109","33.966387","-83.397313","190.6999969482422","101.0","3.9","10.75","2015-08-04T12:26:54.473Z","","",""
"1","110","33.966387","-83.397313","190.6999969482422","101.0","3.9","10.75","2015-08-04T12:26:54.504Z","","",""
"1","111","33.966365","-83.397201","191.39999389648438","103.0","3.9","10","2015-08-04T12:26:55.478Z","","",""
"1","112","33.966365","-83.397201","191.39999389648438","103.0","3.9","10","2015-08-04T12:26:55.509Z","","",""
"1","113","33.966346","-83.397094","191.5","98.0","3.9","10","2015-08-04T12:26:56.473Z","","",""
"1","114","33.966334","-83.396994","191.39999389648438","96.0","3.9","9","2015-08-04T12:26:57.616Z","","",""
"1","115","33.966327","-83.396904","191.5","97.0","3.9","8.5","2015-08-04T12:26:58.469Z","","",""
"1","116","33.96632","-83.396812","191.5","97.0","3.9","8.25","2015-08-04T12:26:59.494Z","","",""
"1","117","33.966312","-83.396729","191.6999969482422","99.0","3.9","7.75","2015-08-04T12:27:00.471Z","","",""
"1","118","33.966308","-83.396642","191.1999969482422","96.0","3.9","7.75","2015-08-04T12:27:01.493Z","","",""
"1","119","33.966306","-83.396563","191.8000030517578","95.0","3.9","7.25","2015-08-04T12:27:02.479Z","","",""
"1","120","33.966299","-83.396484","192.39999389648438","95.0","4","7.25","2015-08-04T12:27:03.580Z","","",""
"1","121","33.966295","-83.396412","192.60000610351563","97.0","3.9","7","2015-08-04T12:27:04.493Z","","",""
"1","122","33.966288","-83.396332","192.60000610351563","99.0","3.9","6.75","2015-08-04T12:27:05.554Z","","",""
"1","123","33.966279","-83.396265","193.1999969482422","100.0","3.9","6.5","2015-08-04T12:27:06.489Z","","",""
"1","124","33.966267","-83.396196","194.10000610351563","101.0","3.9","6.5","2015-08-04T12:27:07.655Z","","",""
"1","125","33.966265","-83.39612","195.0","91.0","3.9","6.5","2015-08-04T12:27:08.466Z","","",""
"1","126","33.966258","-83.396049","196.0","94.0","3.9","6.25","2015-08-04T12:27:09.552Z","","",""
"1","127","33.966242","-83.395987","196.10000610351563","98.0","3.9","6.25","2015-08-04T12:27:10.512Z","","",""
"1","128","33.966225","-83.39592","195.6999969482422","102.0","3.9","6.5","2015-08-04T12:27:11.572Z","","",""
"1","129","33.966218","-83.395842","196.60000610351563","99.0","3.9","6.75","2015-08-04T12:27:12.506Z","","",""
"1","130","33.96621","-83.395771","196.60000610351563","102.0","3.9","7","2015-08-04T12:27:13.567Z","","",""
"1","131","33.966201","-83.395699","196.5","99.0","3.9","7","2015-08-04T12:27:14.511Z","","",""
"1","132","33.966187","-83.395626","197.3000030517578","101.0","3.9","7","2015-08-04T12:27:15.569Z","","",""
"1","133","33.96617","-83.395542","197.10000610351563","97.0","3.9","7.25","2015-08-04T12:27:16.511Z","","",""
"1","134","33.96616","-83.395467","198.3000030517578","98.0","3.9","7.25","2015-08-04T12:27:17.674Z","","",""
"1","135","33.966151","-83.39539","198.6999969482422","98.0","4","7.25","2015-08-04T12:27:18.485Z","","",""
"1","136","33.966149","-83.395307","199.60000610351563","99.0","3.9","7.25","2015-08-04T12:27:19.548Z","","",""
"1","137","33.966135","-83.395232","200.89999389648438","99.0","3.9","7","2015-08-04T12:27:20.523Z","","",""
"1","138","33.96613","-83.395156","201.0","91.0","3.9","6.75","2015-08-04T12:27:21.571Z","","",""
"1","139","33.966128","-83.395079","200.39999389648438","92.0","3.9","7","2015-08-04T12:27:22.514Z","","",""
"1","140","33.966119","-83.395012","200.5","94.0","3.9","6.5","2015-08-04T12:27:23.556Z","","",""
"1","141","33.966112","-83.394935","200.3000030517578","96.0","3.9","7","2015-08-04T12:27:24.504Z","","",""
"1","142","33.966109","-83.394862","199.5","95.0","3.9","7","2015-08-04T12:27:25.550Z","","",""
"1","143","33.96611","-83.394789","199.0","94.0","3.9","6.25","2015-08-04T12:27:26.489Z","","",""
"1","144","33.966107","-83.394709","199.39999389648438","96.0","3.9","7","2015-08-04T12:27:27.561Z","","",""
"1","145","33.9661","-83.394632","199.5","95.0","3.9","7.25","2015-08-04T12:27:28.479Z","","",""
"1","146","33.966087","-83.394568","199.39999389648438","99.0","3.9","7","2015-08-04T12:27:29.545Z","","",""
"1","147","33.966077","-83.394476","199.3000030517578","94.0","3.9","7.5","2015-08-04T12:27:30.504Z","","",""
"1","148","33.966069","-83.394387","198.0","95.0","3.9","7.5","2015-08-04T12:27:31.541Z","","",""
"1","149","33.966073","-83.394296","196.8000030517578","93.0","3.9","7.75","2015-08-04T12:27:32.493Z","","",""
"1","150","33.966069","-83.394212","196.5","93.0","4","7.75","2015-08-04T12:27:33.513Z","","",""
"1","151","33.966051","-83.394137","196.3000030517578","97.0","3.9","8","2015-08-04T12:27:34.486Z","","",""
"1","152","33.966041","-83.394058","196.3000030517578","96.0","3.9","7.75","2015-08-04T12:27:35.560Z","","",""
"1","153","33.966032","-83.39397","195.0","96.0","3.9","8","2015-08-04T12:27:36.513Z","","",""
"1","154","33.966024","-83.39388","195.89999389648438","96.0","3.9","8","2015-08-04T12:27:37.559Z","","",""
"1","155","33.966016","-83.393794","195.60000610351563","96.0","4","8","2015-08-04T12:27:38.484Z","","",""
"1","156","33.966003","-83.393698","195.6999969482422","97.0","3.9","8.25","2015-08-04T12:27:39.537Z","","",""
"1","157","33.965997","-83.393608","193.8000030517578","95.0","3.9","8.75","2015-08-04T12:27:40.490Z","","",""
"1","158","33.965994","-83.393507","192.8000030517578","96.0","3.9","8.75","2015-08-04T12:27:41.548Z","","",""
"1","159","33.965985","-83.393415","192.3000030517578","96.0","3.9","7.75","2015-08-04T12:27:42.505Z","","",""
"1","160","33.965985","-83.393331","191.6999969482422","94.0","3.9","7","2015-08-04T12:27:43.531Z","","",""
"1","161","33.965975","-83.393261","192.60000610351563","95.0","3.9","6.5","2015-08-04T12:27:44.491Z","","",""
"1","162","33.965971","-83.393165","193.1999969482422","92.0","3.9","3.25","2015-08-04T12:27:46.561Z","","",""
"1","163","33.96597","-83.393129","192.60000610351563","94.0","3.9","2.5","2015-08-04T12:27:47.498Z","","",""
"1","164","33.965946","-83.393041","193.6999969482422","102.0","4","2.75","2015-08-04T12:27:58.503Z","","",""
"1","165","33.965939","-83.392995","193.0","99.0","3.9","4.75","2015-08-04T12:27:59.481Z","","",""
"1","166","33.965925","-83.392929","194.3000030517578","105.0","3.9","6","2015-08-04T12:28:00.577Z","","",""
"1","167","33.965912","-83.392858","194.39999389648438","105.0","3.9","6.5","2015-08-04T12:28:01.498Z","","",""
"1","168","33.965905","-83.392777","194.8000030517578","100.0","3.9","7.25","2015-08-04T12:28:02.556Z","","",""
"1","169","33.965893","-83.392692","195.8000030517578","104.0","3.9","8","2015-08-04T12:28:03.603Z","","",""
"1","170","33.965882","-83.392608","195.0","97.0","3.9","8.75","2015-08-04T12:28:04.577Z","","",""
"1","171","33.965875","-83.39251","194.1999969482422","98.0","3.9","9","2015-08-04T12:28:05.489Z","","",""
"1","172","33.965867","-83.39241","193.10000610351563","98.0","3.9","9.25","2015-08-04T12:28:06.547Z","","",""
"1","173","33.965849","-83.392308","193.8000030517578","98.0","3.9","9.25","2015-08-04T12:28:07.487Z","","",""
"1","174","33.965842","-83.392203","193.1999969482422","98.0","3.9","9.5","2015-08-04T12:28:08.516Z","","",""
"1","175","33.965829","-83.392101","193.6999969482422","98.0","3.9","9.5","2015-08-04T12:28:09.484Z","","",""
"1","176","33.965823","-83.392003","193.5","94.0","3.9","9.5","2015-08-04T12:28:10.548Z","","",""
"1","177","33.965815","-83.391904","193.60000610351563","96.0","3.9","9.5","2015-08-04T12:28:11.512Z","","",""
"1","178","33.96581","-83.391802","194.89999389648438","96.0","3.9","9.5","2015-08-04T12:28:12.514Z","","",""
"1","179","33.965799","-83.391697","194.89999389648438","96.0","3.9","9.75","2015-08-04T12:28:13.496Z","","",""
"1","180","33.96579","-83.391592","194.89999389648438","96.0","4","9.75","2015-08-04T12:28:14.560Z","","",""
"1","181","33.965784","-83.391493","194.1999969482422","95.0","3.9","9.75","2015-08-04T12:28:15.484Z","","",""
"1","182","33.965772","-83.391397","194.3000030517578","99.0","3.9","9","2015-08-04T12:28:16.567Z","","",""
"1","183","33.965763","-83.391301","194.60000610351563","99.0","3.9","9.5","2015-08-04T12:28:17.492Z","","",""
"1","184","33.965753","-83.391196","195.39999389648438","98.0","3.9","9","2015-08-04T12:28:18.566Z","","",""
"1","185","33.965734","-83.391102","195.6999969482422","100.0","3.9","9","2015-08-04T12:28:19.494Z","","",""
"1","186","33.965714","-83.391014","194.60000610351563","99.0","3.9","8.75","2015-08-04T12:28:20.557Z","","",""
"1","187","33.965701","-83.39092","194.8000030517578","99.0","6","8.75","2015-08-04T12:28:21.490Z","","",""
"1","188","33.965701","-83.39092","194.8000030517578","99.0","6","8.75","2015-08-04T12:28:21.551Z","","",""
"1","189","33.965698","-83.390807","195.0","96.0","4","9.25","2015-08-04T12:28:22.483Z","","",""
"1","190","33.965691","-83.390712","195.0","96.0","3.9","9","2015-08-04T12:28:23.567Z","","",""
"1","191","33.965677","-83.39062","195.3000030517578","102.0","3.9","8.75","2015-08-04T12:28:24.472Z","","",""
"1","192","33.965669","-83.390521","194.39999389648438","94.0","3.9","8.75","2015-08-04T12:28:25.541Z","","",""
"1","193","33.965662","-83.390431","193.39999389648438","94.0","3.9","8.5","2015-08-04T12:28:26.494Z","","",""
"1","194","33.965661","-83.390339","192.8000030517578","95.0","3.9","8","2015-08-04T12:28:27.596Z","","",""
"1","195","33.96565","-83.390258","193.6999969482422","97.0","3.9","7.5","2015-08-04T12:28:28.511Z","","",""
"1","196","33.965628","-83.390176","193.39999389648438","112.0","3.9","7.5","2015-08-04T12:28:29.575Z","","",""
"1","197","33.965615","-83.390084","192.10000610351563","98.0","3.9","7.75","2015-08-04T12:28:30.505Z","","",""
"1","198","33.965615","-83.390006","192.10000610351563","94.0","3.9","7","2015-08-04T12:28:31.573Z","","",""
"1","199","33.965613","-83.389926","191.39999389648438","94.0","3.9","7.75","2015-08-04T12:28:32.506Z","","",""
"1","200","33.965595","-83.389842","192.0","100.0","3.9","7.5","2015-08-04T12:28:33.492Z","","",""
"1","201","33.965579","-83.389741","192.6999969482422","100.0","4","8.25","2015-08-04T12:28:34.470Z","","",""
"1","202","33.96558","-83.389645","192.0","95.0","3.9","8.25","2015-08-04T12:28:35.492Z","","",""
"1","203","33.965566","-83.389561","192.10000610351563","98.0","4","7","2015-08-04T12:28:36.467Z","","",""
"1","204","33.965567","-83.389479","192.3000030517578","92.0","4","7.75","2015-08-04T12:28:37.492Z","","",""
"1","205","33.965555","-83.389402","192.39999389648438","102.0","4","7.5","2015-08-04T12:28:38.468Z","","",""
"1","206","33.965555","-83.389305","190.3000030517578","96.0","3.9","7.5","2015-08-04T12:28:39.484Z","","",""
"1","207","33.965549","-83.389227","190.5","94.0","3.9","7.75","2015-08-04T12:28:40.468Z","","",""
"1","208","33.965542","-83.38915","191.0","96.0","3.9","7","2015-08-04T12:28:41.493Z","","",""
"1","209","33.965533","-83.389065","190.60000610351563","99.0","3.9","7.25","2015-08-04T12:28:42.476Z","","",""
"1","210","33.965531","-83.38898","191.1999969482422","92.0","3.9","7","2015-08-04T12:28:43.492Z","","",""
"1","211","33.965526","-83.388906","191.6999969482422","97.0","3.9","7","2015-08-04T12:28:44.469Z","","",""
"1","212","33.965518","-83.38883","192.0","97.0","5","7","2015-08-04T12:28:45.492Z","","",""
"1","213","33.965514","-83.388753","191.39999389648438","97.0","3.9","7","2015-08-04T12:28:46.473Z","","",""
"1","214","33.965514","-83.388668","191.60000610351563","97.0","3.9","6.5","2015-08-04T12:28:47.497Z","","",""
"1","215","33.965506","-83.388599","192.3000030517578","97.0","4","6.5","2015-08-04T12:28:48.493Z","","",""
"1","216","33.9655","-83.388531","192.3000030517578","102.0","3.9","6.25","2015-08-04T12:28:49.499Z","","",""
"1","217","33.965492","-83.388472","192.10000610351563","99.0","3.9","6.25","2015-08-04T12:28:50.472Z","","",""
"1","218","33.965488","-83.3884","192.0","96.0","3.9","6.25","2015-08-04T12:28:51.493Z","","",""
"1","219","33.965483","-83.388336","192.0","99.0","3.9","6","2015-08-04T12:28:52.469Z","","",""
"1","220","33.965471","-83.388269","192.5","100.0","3.9","6","2015-08-04T12:28:53.499Z","","",""
"1","221","33.965471","-83.388206","192.3000030517578","93.0","3.9","6.25","2015-08-04T12:28:54.488Z","","",""
"1","222","33.965464","-83.388142","191.60000610351563","95.0","3.9","6","2015-08-04T12:28:55.580Z","","",""
"1","223","33.965464","-83.388075","191.1999969482422","97.0","3.9","6.25","2015-08-04T12:28:56.506Z","","",""
"1","224","33.965463","-83.387989","191.5","95.0","3.9","6","2015-08-04T12:28:57.552Z","","",""
"1","225","33.965458","-83.387924","191.1999969482422","95.0","4","6","2015-08-04T12:28:58.488Z","","",""
"1","226","33.96545","-83.387853","191.3000030517578","92.0","3.9","7","2015-08-04T12:28:59.548Z","","",""
"1","227","33.965446","-83.387772","191.8000030517578","92.0","3.9","6.25","2015-08-04T12:29:00.516Z","","",""
"1","228","33.96545","-83.387705","192.0","94.0","3.9","6.25","2015-08-04T12:29:01.562Z","","",""
"1","229","33.965445","-83.387636","193.0","94.0","3.9","6.5","2015-08-04T12:29:02.506Z","","",""
"1","230","33.96544","-83.387558","194.3000030517578","94.0","3.9","6.5","2015-08-04T12:29:03.565Z","","",""
"1","231","33.96543","-83.387494","194.6999969482422","96.0","3.9","6.5","2015-08-04T12:29:04.513Z","","",""
"1","232","33.965425","-83.387431","195.0","96.0","3.9","6.25","2015-08-04T12:29:05.568Z","","",""
"1","233","33.965415","-83.387372","194.10000610351563","98.0","3.9","5.5","2015-08-04T12:29:06.514Z","","",""
"1","234","33.965403","-83.387265","192.0","95.0","3.9","5.5","2015-08-04T12:29:08.574Z","","",""
"1","235","33.965396","-83.387203","191.3000030517578","91.0","3.9","5.5","2015-08-04T12:29:09.505Z","","",""
"1","236","33.96539","-83.387135","191.0","95.0","3.9","6","2015-08-04T12:29:10.568Z","","",""
"1","237","33.965372","-83.387073","190.1999969482422","99.0","3.9","6","2015-08-04T12:29:11.523Z","","",""
"1","238","33.965361","-83.387015","190.60000610351563","95.0","3.9","5.75","2015-08-04T12:29:12.554Z","","",""
"1","239","33.965356","-83.386953","190.60000610351563","95.0","5","5.75","2015-08-04T12:29:13.489Z","","",""
"1","240","33.965341","-83.386885","190.60000610351563","92.0","3.9","6","2015-08-04T12:29:14.544Z","","",""
"1","241","33.965338","-83.38682","190.6999969482422","92.0","5","6","2015-08-04T12:29:15.490Z","","",""
"1","242","33.965337","-83.386749","192.5","94.0","3.9","5.75","2015-08-04T12:29:16.564Z","","",""
"1","243","33.965332","-83.386684","193.1999969482422","98.0","3.9","6.25","2015-08-04T12:29:17.510Z","","",""
"1","244","33.965324","-83.386622","193.60000610351563","97.0","3.9","6","2015-08-04T12:29:18.564Z","","",""
"1","245","33.965316","-83.386555","194.39999389648438","96.0","3.9","6","2015-08-04T12:29:19.510Z","","",""
"1","246","33.965312","-83.386488","195.10000610351563","97.0","3.9","6","2015-08-04T12:29:20.545Z","","",""
"1","247","33.965301","-83.386417","196.0","98.0","3.9","6","2015-08-04T12:29:21.479Z","","",""
"1","248","33.965291","-83.386354","196.10000610351563","97.0","3.9","6","2015-08-04T12:29:22.538Z","","",""
"1","249","33.965288","-83.386288","196.60000610351563","96.0","3.9","5.75","2015-08-04T12:29:23.492Z","","",""
"1","250","33.965284","-83.386223","196.3000030517578","94.0","3.9","5.75","2015-08-04T12:29:24.572Z","","",""
"1","251","33.965283","-83.38617","195.8000030517578","98.0","3.9","5.25","2015-08-04T12:29:25.507Z","","",""
"1","252","33.965281","-83.386104","195.6999969482422","96.0","3.9","6","2015-08-04T12:29:26.562Z","","",""
"1","253","33.96527","-83.386032","196.0","94.0","3.9","6.5","2015-08-04T12:29:27.497Z","","",""
"1","254","33.965265","-83.385972","197.0","95.0","3.9","5.5","2015-08-04T12:29:28.586Z","","",""
"1","255","33.965259","-83.385909","197.0","93.0","3.9","5.75","2015-08-04T12:29:29.578Z","","",""
"1","256","33.965256","-83.385847","196.8000030517578","93.0","5","5.75","2015-08-04T12:29:30.546Z","","",""
"1","257","33.965244","-83.38579","196.8000030517578","95.0","3.9","5.25","2015-08-04T12:29:31.488Z","","",""
"1","258","33.965237","-83.385732","197.1999969482422","92.0","3.9","5.25","2015-08-04T12:29:32.567Z","","",""
"1","259","33.965239","-83.385672","196.3000030517578","91.0","3.9","5","2015-08-04T12:29:33.497Z","","",""
"1","260","33.965224","-83.385589","196.89999389648438","91.0","3.9","3.5","2015-08-04T12:29:35.541Z","","",""
"1","261","33.965221","-83.38556","197.0","100.0","3.9","2.25","2015-08-04T12:29:36.508Z","","",""
"1","262","33.96518","-83.385493","198.1999969482422","132.0","3.9","1.75","2015-08-04T12:29:51.560Z","","",""
"1","263","33.965158","-83.385472","198.3000030517578","140.0","3.9","2.5","2015-08-04T12:29:52.511Z","","",""
"1","264","33.96514","-83.385454","198.5","140.0","4","2.5","2015-08-04T12:29:53.560Z","","",""
"1","265","33.965026","-83.385419","198.60000610351563","169.0","4","7.5","2015-08-04T12:29:54.482Z","","",""
"1","266","33.964961","-83.3854","199.10000610351563","167.0","4","7.5","2015-08-04T12:29:55.546Z","","",""
"1","267","33.964898","-83.385376","199.60000610351563","164.0","4","8.25","2015-08-04T12:29:56.512Z","","",""
"1","268","33.964826","-83.385342","199.60000610351563","163.0","4","9","2015-08-04T12:29:57.559Z","","",""
"1","269","33.964747","-83.38532","200.10000610351563","165.0","4","10","2015-08-04T12:29:58.512Z","","",""
"1","270","33.964747","-83.38532","200.10000610351563","165.0","4","10","2015-08-04T12:29:58.577Z","","",""
"1","271","33.964657","-83.385289","200.5","163.0","4","10.25","2015-08-04T12:29:59.496Z","","",""
"1","272","33.964657","-83.385289","200.5","163.0","4","10.25","2015-08-04T12:29:59.527Z","","",""
"1","273","33.964569","-83.385259","200.5","163.0","6","10.25","2015-08-04T12:30:00.487Z","","",""
"1","274","33.964569","-83.385259","200.5","163.0","6","10.25","2015-08-04T12:30:00.556Z","","",""
"1","275","33.964486","-83.385212","198.60000610351563","162.0","3.9","9.75","2015-08-04T12:30:01.474Z","","",""
"1","276","33.964486","-83.385212","198.60000610351563","162.0","3.9","9.75","2015-08-04T12:30:01.497Z","","",""
"1","277","33.9644","-83.385176","197.5","164.0","3.9","10.75","2015-08-04T12:30:02.501Z","","",""
"1","278","33.9644","-83.385176","197.5","164.0","3.9","10.75","2015-08-04T12:30:02.567Z","","",""
"1","279","33.964307","-83.385145","197.39999389648438","164.0","5","10.75","2015-08-04T12:30:03.489Z","","",""
"1","280","33.964307","-83.385145","197.39999389648438","164.0","5","10.75","2015-08-04T12:30:03.562Z","","",""
"1","281","33.964208","-83.385105","196.89999389648438","166.0","4","11.25","2015-08-04T12:30:04.486Z","","",""
"1","282","33.964208","-83.385105","196.89999389648438","166.0","4","11.25","2015-08-04T12:30:04.511Z","","",""
"1","283","33.964102","-83.38507","196.5","162.0","3.9","11","2015-08-04T12:30:05.488Z","","",""
"1","284","33.964102","-83.38507","196.5","162.0","3.9","11","2015-08-04T12:30:05.565Z","","",""
"1","285","33.963997","-83.385021","197.3000030517578","162.0","3.9","11.75","2015-08-04T12:30:06.500Z","","",""
"1","286","33.963997","-83.385021","197.3000030517578","162.0","3.9","11.75","2015-08-04T12:30:06.566Z","","",""
"1","287","33.963895","-83.384984","197.60000610351563","162.0","4","11.75","2015-08-04T12:30:07.481Z","","",""
"1","288","33.963895","-83.384984","197.60000610351563","162.0","4","11.75","2015-08-04T12:30:07.547Z","","",""
"1","289","33.963783","-83.384935","197.60000610351563","163.0","3.9","12","2015-08-04T12:30:08.484Z","","",""
"1","290","33.963783","-83.384935","197.60000610351563","163.0","3.9","12","2015-08-04T12:30:08.543Z","","",""
"1","291","33.96368","-83.384898","197.5","163.0","5","12","2015-08-04T12:30:09.468Z","","",""
"1","292","33.96368","-83.384898","197.5","163.0","5","12","2015-08-04T12:30:09.529Z","","",""
"1","293","33.963576","-83.384866","197.8000030517578","164.0","5","12.25","2015-08-04T12:30:10.485Z","","",""
"1","294","33.963576","-83.384866","197.8000030517578","164.0","5","12.25","2015-08-04T12:30:10.546Z","","",""
"1","295","33.96348","-83.384832","197.39999389648438","164.0","4","11.25","2015-08-04T12:30:11.495Z","","",""
"1","296","33.96348","-83.384832","197.39999389648438","164.0","4","11.25","2015-08-04T12:30:11.565Z","","",""
"1","297","33.963371","-83.384795","196.5","165.0","4","12","2015-08-04T12:30:12.497Z","","",""
"1","298","33.963371","-83.384795","196.5","165.0","4","12","2015-08-04T12:30:12.564Z","","",""
"1","299","33.963265","-83.384758","196.6999969482422","165.0","3.9","12","2015-08-04T12:30:13.495Z","","",""
"1","300","33.963265","-83.384758","196.6999969482422","165.0","3.9","12","2015-08-04T12:30:13.671Z","","",""
"1","301","33.963156","-83.384722","196.60000610351563","165.0","4","12","2015-08-04T12:30:14.480Z","","",""
"1","302","33.963156","-83.384722","196.60000610351563","165.0","4","12","2015-08-04T12:30:14.540Z","","",""
"1","303","33.963051","-83.384686","197.0","165.0","3.9","12","2015-08-04T12:30:15.489Z","","",""
"1","304","33.963051","-83.384686","197.0","165.0","3.9","12","2015-08-04T12:30:15.543Z","","",""
"1","305","33.962951","-83.384655","197.39999389648438","166.0","4","11.75","2015-08-04T12:30:16.517Z","","",""
"1","306","33.962951","-83.384655","197.39999389648438","166.0","4","11.75","2015-08-04T12:30:16.579Z","","",""
"1","307","33.962848","-83.384619","197.39999389648438","164.0","4","11.5","2015-08-04T12:30:17.512Z","","",""
"1","308","33.962848","-83.384619","197.39999389648438","164.0","4","11.5","2015-08-04T12:30:17.570Z","","",""
"1","309","33.962755","-83.384585","198.6999969482422","164.0","3.9","11.25","2015-08-04T12:30:18.512Z","","",""
"1","310","33.962755","-83.384585","198.6999969482422","164.0","3.9","11.25","2015-08-04T12:30:18.562Z","","",""
"1","311","33.962658","-83.384549","198.60000610351563","163.0","4","11.25","2015-08-04T12:30:19.483Z","","",""
"1","312","33.962658","-83.384549","198.60000610351563","163.0","4","11.25","2015-08-04T12:30:19.509Z","","",""
"1","313","33.962552","-83.384514","198.60000610351563","164.0","4","11.75","2015-08-04T12:30:20.491Z","","",""
"1","314","33.962552","-83.384514","198.60000610351563","164.0","4","11.75","2015-08-04T12:30:20.546Z","","",""
"1","315","33.962449","-83.38448","198.5","164.0","4","11.5","2015-08-04T12:30:21.498Z","","",""
"1","316","33.962449","-83.38448","198.5","164.0","4","11.5","2015-08-04T12:30:21.563Z","","",""
"1","317","33.962349","-83.384456","198.60000610351563","165.0","3.9","11.5","2015-08-04T12:30:22.494Z","","",""
"1","318","33.962349","-83.384456","198.60000610351563","165.0","3.9","11.5","2015-08-04T12:30:22.610Z","","",""
"1","319","33.962244","-83.384431","197.5","168.0","4","11.5","2015-08-04T12:30:23.493Z","","",""
"1","320","33.962244","-83.384431","197.5","168.0","4","11.5","2015-08-04T12:30:23.567Z","","",""
"1","321","33.96214","-83.384404","198.39999389648438","169.0","3.9","11.25","2015-08-04T12:30:24.482Z","","",""
"1","322","33.96214","-83.384404","198.39999389648438","169.0","3.9","11.25","2015-08-04T12:30:24.504Z","","",""
"1","323","33.962045","-83.384386","198.60000610351563","170.0","3.9","11.25","2015-08-04T12:30:25.479Z","","",""
"1","324","33.962045","-83.384386","198.60000610351563","170.0","3.9","11.25","2015-08-04T12:30:25.507Z","","",""
"1","325","33.961944","-83.384371","198.3000030517578","171.0","3.9","11.25","2015-08-04T12:30:26.481Z","","",""
"1","326","33.961944","-83.384371","198.3000030517578","171.0","3.9","11.25","2015-08-04T12:30:26.510Z","","",""
"1","327","33.961843","-83.384355","198.10000610351563","171.0","3.9","11.25","2015-08-04T12:30:27.479Z","","",""
"1","328","33.961843","-83.384355","198.10000610351563","171.0","3.9","11.25","2015-08-04T12:30:27.508Z","","",""
"1","329","33.961745","-83.384334","198.0","170.0","3.9","11","2015-08-04T12:30:28.482Z","","",""
"1","330","33.961745","-83.384334","198.0","170.0","3.9","11","2015-08-04T12:30:28.511Z","","",""
"1","331","33.961647","-83.384308","198.10000610351563","168.0","3.9","11","2015-08-04T12:30:29.481Z","","",""
"1","332","33.961647","-83.384308","198.10000610351563","168.0","3.9","11","2015-08-04T12:30:29.547Z","","",""
"1","333","33.961553","-83.384285","198.60000610351563","168.0","3.9","10.75","2015-08-04T12:30:30.496Z","","",""
"1","334","33.961553","-83.384285","198.60000610351563","168.0","3.9","10.75","2015-08-04T12:30:30.527Z","","",""
"1","335","33.961455","-83.384267","198.1999969482422","169.0","4","10.75","2015-08-04T12:30:31.470Z","","",""
"1","336","33.961455","-83.384267","198.1999969482422","169.0","4","10.75","2015-08-04T12:30:31.499Z","","",""
"1","337","33.961357","-83.384255","197.60000610351563","170.0","3.9","10.25","2015-08-04T12:30:32.470Z","","",""
"1","338","33.961273","-83.384237","197.8000030517578","173.0","3.9","9.5","2015-08-04T12:30:33.491Z","","",""
"1","339","33.961183","-83.384221","197.5","174.0","3.9","9","2015-08-04T12:30:34.472Z","","",""
"1","340","33.961111","-83.384223","196.89999389648438","174.0","3.9","8","2015-08-04T12:30:35.497Z","","",""
"1","341","33.961041","-83.384209","198.0","174.0","3.9","7.5","2015-08-04T12:30:36.468Z","","",""
"1","342","33.960977","-83.384207","197.60000610351563","177.0","3.9","6","2015-08-04T12:30:37.494Z","","",""
"1","343","33.960936","-83.38421","198.0","178.0","3.9","4","2015-08-04T12:30:38.469Z","","",""
"1","344","33.96085","-83.384189","197.89999389648438","178.0","3.9","0.5","2015-08-04T12:31:10.662Z","","",""
"1","345","33.960842","-83.384191","198.6999969482422","183.0","3.9","1","2015-08-04T12:31:11.490Z","","",""
"1","346","33.960771","-83.384193","199.60000610351563","178.0","3.9","2.5","2015-08-04T12:31:15.544Z","","",""
"1","347","33.960736","-83.384193","198.89999389648438","178.0","3.9","3.5","2015-08-04T12:31:16.504Z","","",""
"1","348","33.960657","-83.384192","199.0","179.0","4","4.25","2015-08-04T12:31:18.545Z","","",""
"1","349","33.960607","-83.384179","199.60000610351563","168.0","3.9","4.75","2015-08-04T12:31:19.498Z","","",""
"1","350","33.960544","-83.384125","200.10000610351563","140.0","3.9","6.5","2015-08-04T12:31:20.564Z","","",""
"1","351","33.960502","-83.384069","200.3000030517578","125.0","3.9","7.25","2015-08-04T12:31:21.501Z","","",""
"1","352","33.960472","-83.383985","200.3000030517578","111.0","3.9","8.5","2015-08-04T12:31:22.560Z","","",""
"1","353","33.960463","-83.383885","199.6999969482422","100.0","3.9","10.25","2015-08-04T12:31:23.499Z","","",""
"1","354","33.960463","-83.383885","199.6999969482422","100.0","3.9","10.25","2015-08-04T12:31:23.640Z","","",""
"1","355","33.960447","-83.383777","199.5","100.0","5","10.25","2015-08-04T12:31:24.493Z","","",""
"1","356","33.960432","-83.383673","200.0","98.0","3.9","10.5","2015-08-04T12:31:25.543Z","","",""
"1","357","33.960406","-83.383561","199.89999389648438","100.0","3.9","10.75","2015-08-04T12:31:26.483Z","","",""
"1","358","33.960406","-83.383561","199.89999389648438","100.0","3.9","10.75","2015-08-04T12:31:26.543Z","","",""
"1","359","33.960389","-83.383448","200.10000610351563","100.0","4","10.75","2015-08-04T12:31:27.489Z","","",""
"1","360","33.960389","-83.383448","200.10000610351563","100.0","4","10.75","2015-08-04T12:31:27.551Z","","",""
"1","361","33.960368","-83.383333","200.1999969482422","101.0","3.9","11","2015-08-04T12:31:28.490Z","","",""
"1","362","33.960368","-83.383333","200.1999969482422","101.0","3.9","11","2015-08-04T12:31:28.552Z","","",""
"1","363","33.960346","-83.383215","199.89999389648438","100.0","3.9","11","2015-08-04T12:31:29.493Z","","",""
"1","364","33.960346","-83.383215","199.89999389648438","100.0","3.9","11","2015-08-04T12:31:29.561Z","","",""
"1","365","33.960327","-83.383101","199.0","99.0","3.9","11.25","2015-08-04T12:31:30.484Z","","",""
"1","366","33.960327","-83.383101","199.0","99.0","3.9","11.25","2015-08-04T12:31:30.586Z","","",""
"1","367","33.96031","-83.382987","198.6999969482422","101.0","3.9","11.25","2015-08-04T12:31:31.489Z","","",""
"1","368","33.96031","-83.382987","198.6999969482422","101.0","3.9","11.25","2015-08-04T12:31:31.553Z","","",""
"1","369","33.960288","-83.382867","198.5","101.0","3.9","11.5","2015-08-04T12:31:32.491Z","","",""
"1","370","33.960288","-83.382867","198.5","101.0","3.9","11.5","2015-08-04T12:31:32.554Z","","",""
"1","371","33.960259","-83.382747","197.0","100.0","3.9","11.5","2015-08-04T12:31:33.488Z","","",""
"1","372","33.960259","-83.382747","197.0","100.0","3.9","11.5","2015-08-04T12:31:33.565Z","","",""
"1","373","33.960234","-83.382624","196.5","102.0","3.9","11.5","2015-08-04T12:31:34.488Z","","",""
"1","374","33.960234","-83.382624","196.5","102.0","3.9","11.5","2015-08-04T12:31:34.550Z","","",""
"1","375","33.960213","-83.382504","196.1999969482422","101.0","3.9","11","2015-08-04T12:31:35.475Z","","",""
"1","376","33.960213","-83.382504","196.1999969482422","101.0","3.9","11","2015-08-04T12:31:35.490Z","","",""
"1","377","33.960193","-83.382383","196.10000610351563","98.0","3.9","11.5","2015-08-04T12:31:36.507Z","","",""
"1","378","33.960193","-83.382383","196.10000610351563","98.0","3.9","11.5","2015-08-04T12:31:36.570Z","","",""
"1","379","33.960173","-83.382258","194.5","100.0","3.9","11","2015-08-04T12:31:37.494Z","","",""
"1","380","33.960173","-83.382258","194.5","100.0","3.9","11","2015-08-04T12:31:37.553Z","","",""
"1","381","33.960157","-83.382137","193.39999389648438","100.0","3.9","11.25","2015-08-04T12:31:38.503Z","","",""
"1","382","33.960157","-83.382137","193.39999389648438","100.0","3.9","11.25","2015-08-04T12:31:38.566Z","","",""
"1","383","33.960137","-83.382012","192.1999969482422","97.0","3.9","11.25","2015-08-04T12:31:39.494Z","","",""
"1","384","33.960137","-83.382012","192.1999969482422","97.0","3.9","11.25","2015-08-04T12:31:39.562Z","","",""
"1","385","33.960123","-83.381896","191.5","98.0","3.9","11.25","2015-08-04T12:31:40.499Z","","",""
"1","386","33.960123","-83.381896","191.5","98.0","3.9","11.25","2015-08-04T12:31:40.671Z","","",""
"1","387","33.960109","-83.38177","191.8000030517578","99.0","3.9","10.75","2015-08-04T12:31:41.488Z","","",""
"1","388","33.960109","-83.38177","191.8000030517578","99.0","3.9","10.75","2015-08-04T12:31:41.553Z","","",""
"1","389","33.960097","-83.381654","191.5","98.0","3.9","11.25","2015-08-04T12:31:42.483Z","","",""
"1","390","33.960089","-83.38155","191.39999389648438","95.0","3.9","10.5","2015-08-04T12:31:43.550Z","","",""
"1","391","33.96008","-83.381437","191.6999969482422","95.0","4","10.5","2015-08-04T12:31:44.488Z","","",""
"1","392","33.96008","-83.381437","191.6999969482422","95.0","4","10.5","2015-08-04T12:31:44.561Z","","",""
"1","393","33.960054","-83.381325","190.1999969482422","98.0","3.9","9.25","2015-08-04T12:31:45.489Z","","",""
"1","394","33.960042","-83.381236","191.0","98.0","3.9","8.25","2015-08-04T12:31:46.556Z","","",""
"1","395","33.96003","-83.381161","191.3000030517578","98.0","3.9","6.75","2015-08-04T12:31:47.495Z","","",""
"1","396","33.960022","-83.381092","192.3000030517578","101.0","3.9","5.75","2015-08-04T12:31:48.548Z","","",""
"1","397","33.959994","-83.381021","192.89999389648438","117.0","3.9","6.25","2015-08-04T12:31:49.485Z","","",""
"1","398","33.959955","-83.380966","192.6999969482422","135.0","3.9","7","2015-08-04T12:31:50.507Z","","",""
"1","399","33.959911","-83.380913","192.6999969482422","135.0","5","7","2015-08-04T12:31:51.482Z","","",""
"1","400","33.95986","-83.38086","192.1999969482422","138.0","6","7.5","2015-08-04T12:31:52.546Z","","",""
"1","401","33.959779","-83.380868","191.8000030517578","162.0","4","7.25","2015-08-04T12:31:53.496Z","","",""
"1","402","33.95971","-83.380845","191.8000030517578","162.0","3.9","7","2015-08-04T12:31:54.547Z","","",""
"1","403","33.95965","-83.380822","192.1999969482422","162.0","4","7","2015-08-04T12:31:55.481Z","","",""
"1","404","33.959599","-83.3808","192.1999969482422","157.0","3.9","6.25","2015-08-04T12:31:56.537Z","","",""
"1","405","33.959547","-83.38078","192.6999969482422","156.0","3.9","5.75","2015-08-04T12:31:57.518Z","","",""
"1","406","33.959508","-83.380753","192.39999389648438","164.0","3.9","5.25","2015-08-04T12:31:58.545Z","","",""
"1","407","33.959462","-83.380738","192.5","164.0","4","5.25","2015-08-04T12:31:59.488Z","","",""
"1","408","33.959388","-83.380725","193.5","170.0","3.9","2.25","2015-08-04T12:32:10.526Z","","",""
"1","409","33.959367","-83.38071","194.5","156.0","3.9","2.75","2015-08-04T12:32:11.494Z","","",""
"1","410","33.959307","-83.380676","195.89999389648438","155.0","3.9","3.5","2015-08-04T12:32:13.565Z","","",""
"1","411","33.959272","-83.38065","196.3000030517578","147.0","3.9","4.5","2015-08-04T12:32:14.491Z","","",""
"1","412","33.959227","-83.380585","195.6999969482422","115.0","3.9","6","2015-08-04T12:32:15.575Z","","",""
"1","413","33.959202","-83.380522","195.6999969482422","111.0","3.9","6.5","2015-08-04T12:32:16.469Z","","",""
"1","414","33.959192","-83.380447","196.0","93.0","3.9","6.75","2015-08-04T12:32:17.501Z","","",""
"1","415","33.959195","-83.380373","194.8000030517578","86.0","3.9","7","2015-08-04T12:32:18.468Z","","",""
"1","416","33.959208","-83.380302","195.10000610351563","77.0","3.9","7.25","2015-08-04T12:32:19.489Z","","",""
"1","417","33.959225","-83.380222","195.0","75.0","3.9","7.25","2015-08-04T12:32:20.467Z","","",""
"1","418","33.95925","-83.380148","194.89999389648438","73.0","3.9","7.5","2015-08-04T12:32:21.489Z","","",""
"1","419","33.959266","-83.380069","195.1999969482422","76.0","3.9","7.75","2015-08-04T12:32:22.465Z","","",""
"1","420","33.959282","-83.379992","195.60000610351563","76.0","3.9","7.5","2015-08-04T12:32:23.486Z","","",""
"1","421","33.959294","-83.379912","195.6999969482422","77.0","3.9","7.5","2015-08-04T12:32:24.466Z","","",""
"1","422","33.959311","-83.379831","195.89999389648438","77.0","3.9","7.5","2015-08-04T12:32:25.487Z","","",""
"1","423","33.959325","-83.379754","196.39999389648438","78.0","3.9","7","2015-08-04T12:32:26.467Z","","",""
"1","424","33.959342","-83.379682","196.60000610351563","75.0","3.9","7.25","2015-08-04T12:32:27.502Z","","",""
"1","425","33.959365","-83.379607","196.8000030517578","76.0","3.9","7","2015-08-04T12:32:28.477Z","","",""
"1","426","33.959375","-83.379533","196.89999389648438","75.0","3.9","6.5","2015-08-04T12:32:29.500Z","","",""
"1","427","33.959394","-83.379466","197.5","75.0","3.9","6.5","2015-08-04T12:32:30.472Z","","",""
"1","428","33.95941","-83.379397","197.89999389648438","76.0","3.9","6","2015-08-04T12:32:31.490Z","","",""
"1","429","33.959418","-83.379339","198.3000030517578","74.0","3.9","5.75","2015-08-04T12:32:32.468Z","","",""
"1","430","33.959447","-83.379245","197.6999969482422","75.0","3.9","4.75","2015-08-04T12:32:34.490Z","","",""
"1","431","33.959444","-83.379195","197.39999389648438","93.0","3.9","5","2015-08-04T12:32:35.473Z","","",""
"1","432","33.959427","-83.379145","196.89999389648438","122.0","3.9","5.5","2015-08-04T12:32:36.495Z","","",""
"1","433","33.959399","-83.379094","196.6999969482422","122.0","5","5.5","2015-08-04T12:32:37.488Z","","",""
"1","434","33.95933","-83.379087","196.60000610351563","165.0","3.9","6.75","2015-08-04T12:32:38.547Z","","",""
"1","435","33.959272","-83.379065","196.39999389648438","167.0","3.9","7.25","2015-08-04T12:32:39.484Z","","",""
"1","436","33.959199","-83.379051","195.6999969482422","166.0","3.9","7.75","2015-08-04T12:32:40.553Z","","",""
"1","437","33.95913","-83.379029","195.60000610351563","168.0","3.9","8","2015-08-04T12:32:41.490Z","","",""
"1","438","33.959046","-83.379005","195.6999969482422","166.0","3.9","8","2015-08-04T12:32:42.564Z","","",""
"1","439","33.958979","-83.378989","195.0","165.0","3.9","8.25","2015-08-04T12:32:43.488Z","","",""
"1","440","33.958909","-83.378962","194.3000030517578","166.0","3.9","8.25","2015-08-04T12:32:44.558Z","","",""
"1","441","33.958833","-83.378944","194.1999969482422","169.0","3.9","8.25","2015-08-04T12:32:45.492Z","","",""
"1","442","33.958765","-83.378933","194.89999389648438","178.0","3.9","8.25","2015-08-04T12:32:46.553Z","","",""
"1","443","33.958691","-83.378931","194.89999389648438","178.0","4","8.25","2015-08-04T12:32:47.492Z","","",""
"1","444","33.958621","-83.378921","194.10000610351563","180.0","3.9","7.75","2015-08-04T12:32:48.552Z","","",""
"1","445","33.958555","-83.378909","194.39999389648438","171.0","3.9","7.5","2015-08-04T12:32:49.511Z","","",""
"1","446","33.958488","-83.378897","194.3000030517578","171.0","5","7.5","2015-08-04T12:32:50.557Z","","",""
"1","447","33.958446","-83.378884","194.6999969482422","169.0","3.9","5.75","2015-08-04T12:32:51.547Z","","",""
"1","448","33.958367","-83.378862","195.10000610351563","171.0","5","4.25","2015-08-04T12:32:53.545Z","","",""
"1","449","33.958328","-83.37883","195.39999389648438","159.0","5","4.5","2015-08-04T12:32:54.499Z","","",""
"1","450","33.958286","-83.378809","195.3000030517578","160.0","5","5","2015-08-04T12:32:55.599Z","","",""
"1","451","33.958241","-83.378777","195.5","160.0","5","5.25","2015-08-04T12:32:56.504Z","","",""
"1","452","33.958193","-83.37874","195.8000030517578","159.0","5","5.5","2015-08-04T12:32:57.574Z","","",""
"1","453","33.958134","-83.378728","196.10000610351563","163.0","4","6","2015-08-04T12:32:58.505Z","","",""
"1","454","33.958078","-83.378722","197.1999969482422","165.0","5","6","2015-08-04T12:32:59.709Z","","",""
"1","455","33.958024","-83.378715","197.6999969482422","170.0","4","6","2015-08-04T12:33:00.490Z","","",""
"1","456","33.957973","-83.378694","197.8000030517578","163.0","4","6.25","2015-08-04T12:33:01.557Z","","",""
"1","457","33.957933","-83.378642","197.89999389648438","144.0","4","6","2015-08-04T12:33:02.506Z","","",""
"1","458","33.957918","-83.378588","198.3000030517578","112.0","4","6.25","2015-08-04T12:33:03.563Z","","",""
"1","459","33.957901","-83.37851","198.1999969482422","106.0","4","6.5","2015-08-04T12:33:04.505Z","","",""
"1","460","33.957902","-83.378426","198.1999969482422","92.0","3.9","7","2015-08-04T12:33:05.569Z","","",""
"1","461","33.957908","-83.378348","199.6999969482422","84.0","3.9","7.25","2015-08-04T12:33:06.495Z","","",""
"1","462","33.95792","-83.378273","200.10000610351563","78.0","4","7.5","2015-08-04T12:33:07.573Z","","",""
"1","463","33.957932","-83.378195","201.10000610351563","75.0","3.9","7.5","2015-08-04T12:33:08.505Z","","",""
"1","464","33.957942","-83.37812","200.89999389648438","80.0","4","7.25","2015-08-04T12:33:09.548Z","","",""
"1","465","33.957946","-83.378055","199.8000030517578","83.0","3.9","6.25","2015-08-04T12:33:10.509Z","","",""
"1","466","33.957964","-83.377975","201.10000610351563","75.0","3.9","7.75","2015-08-04T12:33:11.555Z","","",""
"1","467","33.957968","-83.377901","201.3000030517578","82.0","3.9","6.25","2015-08-04T12:33:12.501Z","","",""
"1","468","33.957975","-83.377826","200.89999389648438","80.0","3.9","6.75","2015-08-04T12:33:13.563Z","","",""
"1","469","33.95799","-83.377743","201.10000610351563","78.0","3.9","7","2015-08-04T12:33:14.507Z","","",""
"1","470","33.958002","-83.377669","201.0","78.0","5","7","2015-08-04T12:33:15.548Z","","",""
"1","471","33.958027","-83.377589","200.3000030517578","75.0","5","7","2015-08-04T12:33:16.483Z","","",""
"1","472","33.958031","-83.377522","199.5","76.0","3.9","6.25","2015-08-04T12:33:17.495Z","","",""
"1","473","33.958046","-83.377455","199.89999389648438","78.0","3.9","5.75","2015-08-04T12:33:18.490Z","","",""
"1","474","33.95806","-83.377402","199.6999969482422","74.0","3.9","5.25","2015-08-04T12:33:19.548Z","","",""
"1","475","33.958072","-83.377348","199.60000610351563","75.0","3.9","5.25","2015-08-04T12:33:20.495Z","","",""
"1","476","33.958076","-83.37726","199.3000030517578","112.0","5","4.25","2015-08-04T12:33:22.569Z","","",""
"1","477","33.958093","-83.377197","199.5","81.0","5","6","2015-08-04T12:33:23.501Z","","",""
"1","478","33.9581","-83.377133","199.3000030517578","81.0","7","6","2015-08-04T12:33:24.544Z","","",""
"1","479","33.958134","-83.377048","199.8000030517578","77.0","5","7.5","2015-08-04T12:33:25.497Z","","",""
"1","480","33.95817","-83.376955","200.39999389648438","70.0","5","7.75","2015-08-04T12:33:26.565Z","","",""
"1","481","33.958186","-83.376876","199.89999389648438","76.0","5","7.5","2015-08-04T12:33:27.557Z","","",""
"1","482","33.958217","-83.376796","201.5","71.0","4","8.75","2015-08-04T12:33:28.559Z","","",""
"1","483","33.958242","-83.376703","202.0","71.0","5","8.5","2015-08-04T12:33:29.506Z","","",""
"1","484","33.958266","-83.376614","202.39999389648438","71.0","8","8.5","2015-08-04T12:33:30.544Z","","",""
"1","485","33.958298","-83.376495","202.60000610351563","70.0","4","9.5","2015-08-04T12:33:31.479Z","","",""
"1","486","33.958298","-83.376495","202.60000610351563","70.0","4","9.5","2015-08-04T12:33:31.546Z","","",""
"1","487","33.95833","-83.376384","203.39999389648438","70.0","3.9","9.75","2015-08-04T12:33:32.505Z","","",""
"1","488","33.958357","-83.376288","205.0","75.0","3.9","9","2015-08-04T12:33:33.560Z","","",""
"1","489","33.958382","-83.376202","205.8000030517578","74.0","3.9","8.75","2015-08-04T12:33:34.493Z","","",""
"1","490","33.958403","-83.376111","205.3000030517578","74.0","5","8.75","2015-08-04T12:33:35.546Z","","",""
"1","491","33.958419","-83.376012","204.6999969482422","76.0","3.9","8.75","2015-08-04T12:33:36.492Z","","",""
"1","492","33.958433","-83.375926","204.3000030517578","77.0","3.9","8.75","2015-08-04T12:33:37.560Z","","",""
"1","493","33.95845","-83.375834","204.5","77.0","4","8.75","2015-08-04T12:33:38.489Z","","",""
"1","494","33.958461","-83.375743","204.6999969482422","89.0","3.9","8","2015-08-04T12:33:39.547Z","","",""
"1","495","33.958455","-83.375654","203.5","92.0","3.9","8.5","2015-08-04T12:33:40.484Z","","",""
"1","496","33.958417","-83.375584","204.0","128.0","3.9","7.75","2015-08-04T12:33:41.544Z","","",""
"1","497","33.958347","-83.375541","205.5","157.0","3.9","8","2015-08-04T12:33:42.487Z","","",""
"1","498","33.958275","-83.375519","206.1999969482422","165.0","3.9","8.75","2015-08-04T12:33:43.581Z","","",""
"1","499","33.958201","-83.375495","205.5","164.0","3.9","9","2015-08-04T12:33:44.488Z","","",""
"1","500","33.958126","-83.375459","203.5","162.0","3.9","9.25","2015-08-04T12:33:45.566Z","","",""
"1","501","33.958042","-83.375428","203.1999969482422","161.0","3.9","9.25","2015-08-04T12:33:46.502Z","","",""
"1","502","33.957969","-83.375396","203.0","159.0","3.9","9.5","2015-08-04T12:33:47.556Z","","",""
"1","503","33.957895","-83.375364","203.0","160.0","3.9","8.5","2015-08-04T12:33:48.508Z","","",""
"1","504","33.957825","-83.375352","203.6999969482422","175.0","3.9","8","2015-08-04T12:33:49.566Z","","",""
"1","505","33.957771","-83.375363","202.10000610351563","204.0","3.9","7","2015-08-04T12:33:50.513Z","","",""
"1","506","33.957727","-83.375418","201.3000030517578","229.0","3.9","6.75","2015-08-04T12:33:51.560Z","","",""
"1","507","33.957696","-83.375498","202.6999969482422","252.0","3.9","7.5","2015-08-04T12:33:52.494Z","","",""
"1","508","33.957672","-83.375568","203.3000030517578","255.0","3.9","7.5","2015-08-04T12:33:53.564Z","","",""
"1","509","33.957661","-83.375645","202.8000030517578","257.0","3.9","7.5","2015-08-04T12:33:54.497Z","","",""
"1","510","33.957646","-83.375729","201.8000030517578","255.0","3.9","7.75","2015-08-04T12:33:55.558Z","","",""
"1","511","33.957628","-83.375811","201.89999389648438","255.0","4","7.75","2015-08-04T12:33:56.480Z","","",""
"1","512","33.957607","-83.375887","202.3000030517578","253.0","3.9","8","2015-08-04T12:33:57.546Z","","",""
"1","513","33.957585","-83.37596","203.0","252.0","4","7.5","2015-08-04T12:33:58.492Z","","",""
"1","514","33.957577","-83.376023","203.6999969482422","256.0","4","6.5","2015-08-04T12:33:59.569Z","","",""
"1","515","33.95755","-83.376104","204.5","247.0","4","7.25","2015-08-04T12:34:00.504Z","","",""
"1","516","33.957525","-83.376176","205.5","247.0","6","7.25","2015-08-04T12:34:01.493Z","","",""
"1","517","33.957513","-83.376226","206.89999389648438","246.0","5","6","2015-08-04T12:34:02.476Z","","",""
"1","518","33.957502","-83.376292","207.3000030517578","246.0","5","6.75","2015-08-04T12:34:03.563Z","","",""
"1","519","33.957496","-83.376364","205.89999389648438","252.0","5","6.75","2015-08-04T12:34:04.480Z","","",""
"1","520","33.957478","-83.376444","205.10000610351563","252.0","4","6.25","2015-08-04T12:34:05.546Z","","",""
"1","521","33.957466","-83.376494","204.1999969482422","258.0","3.9","5.5","2015-08-04T12:34:06.520Z","","",""
"1","522","33.957447","-83.376589","205.10000610351563","254.0","4","4.5","2015-08-04T12:34:08.506Z","","",""
"1","523","33.957435","-83.376632","205.60000610351563","254.0","3.9","4","2015-08-04T12:34:09.469Z","","",""
"1","524","33.957415","-83.376733","204.39999389648438","250.0","4","3","2015-08-04T12:34:12.496Z","","",""
"1","525","33.957397","-83.376771","203.60000610351563","250.0","4","3.5","2015-08-04T12:34:13.469Z","","",""
"1","526","33.957345","-83.376834","203.6999969482422","216.0","6","4","2015-08-04T12:34:15.518Z","","",""
"1","527","33.957287","-83.376816","204.10000610351563","171.0","5","6.25","2015-08-04T12:34:16.465Z","","",""
"1","528","33.957221","-83.376808","204.5","169.0","4","6.75","2015-08-04T12:34:17.615Z","","",""
"1","529","33.957153","-83.376795","204.3000030517578","166.0","4","8.5","2015-08-04T12:34:18.466Z","","",""
"1","530","33.957067","-83.376774","203.1999969482422","165.0","3.9","9","2015-08-04T12:34:19.491Z","","",""
"1","531","33.956985","-83.376748","202.5","164.0","3.9","9.75","2015-08-04T12:34:20.468Z","","",""
"1","532","33.956901","-83.376721","201.89999389648438","165.0","3.9","10.25","2015-08-04T12:34:21.484Z","","",""
"1","533","33.95681","-83.376691","202.0","165.0","3.9","10","2015-08-04T12:34:22.466Z","","",""
"1","534","33.95681","-83.376691","202.0","165.0","3.9","10","2015-08-04T12:34:22.497Z","","",""
"1","535","33.956708","-83.376661","201.10000610351563","167.0","3.9","11","2015-08-04T12:34:23.467Z","","",""
"1","536","33.956708","-83.376661","201.10000610351563","167.0","3.9","11","2015-08-04T12:34:23.529Z","","",""
"1","537","33.956609","-83.376641","200.5","169.0","3.9","11","2015-08-04T12:34:24.469Z","","",""
"1","538","33.956609","-83.376641","200.5","169.0","3.9","11","2015-08-04T12:34:24.498Z","","",""
"1","539","33.956502","-83.376621","199.5","170.0","3.9","11.25","2015-08-04T12:34:25.469Z","","",""
"1","540","33.956502","-83.376621","199.5","170.0","3.9","11.25","2015-08-04T12:34:25.498Z","","",""
"1","541","33.956398","-83.376592","200.0","172.0","3.9","12","2015-08-04T12:34:26.469Z","","",""
"1","542","33.956398","-83.376592","200.0","172.0","3.9","12","2015-08-04T12:34:26.500Z","","",""
"1","543","33.956287","-83.376575","199.60000610351563","172.0","3.9","11.75","2015-08-04T12:34:27.480Z","","",""
"1","544","33.956287","-83.376575","199.60000610351563","172.0","3.9","11.75","2015-08-04T12:34:27.553Z","","",""
"1","545","33.956184","-83.376567","199.1999969482422","175.0","3.9","12","2015-08-04T12:34:28.488Z","","",""
"1","546","33.956184","-83.376567","199.1999969482422","175.0","3.9","12","2015-08-04T12:34:28.552Z","","",""
"1","547","33.956083","-83.376553","198.5","176.0","3.9","12","2015-08-04T12:34:29.493Z","","",""
"1","548","33.956083","-83.376553","198.5","176.0","3.9","12","2015-08-04T12:34:29.560Z","","",""
"1","549","33.955977","-83.376544","198.5","178.0","3.9","12","2015-08-04T12:34:30.485Z","","",""
"1","550","33.955977","-83.376544","198.5","178.0","3.9","12","2015-08-04T12:34:30.552Z","","",""
"1","551","33.955864","-83.376549","198.1999969482422","181.0","3.9","12.25","2015-08-04T12:34:31.481Z","","",""
"1","552","33.955864","-83.376549","198.1999969482422","181.0","3.9","12.25","2015-08-04T12:34:31.505Z","","",""
"1","553","33.955752","-83.376551","197.1999969482422","180.0","3.9","12.5","2015-08-04T12:34:32.505Z","","",""
"1","554","33.955752","-83.376551","197.1999969482422","180.0","3.9","12.5","2015-08-04T12:34:32.563Z","","",""
"1","555","33.955644","-83.376551","196.5","181.0","3.9","12","2015-08-04T12:34:33.501Z","","",""
"1","556","33.955644","-83.376551","196.5","181.0","3.9","12","2015-08-04T12:34:33.570Z","","",""
"1","557","33.955536","-83.376554","196.1999969482422","181.0","5","12","2015-08-04T12:34:34.490Z","","",""
"1","558","33.955536","-83.376554","196.1999969482422","181.0","5","12","2015-08-04T12:34:34.552Z","","",""
"1","559","33.955419","-83.376558","195.1999969482422","181.0","3.9","12.5","2015-08-04T12:34:35.490Z","","",""
"1","560","33.955419","-83.376558","195.1999969482422","181.0","3.9","12.5","2015-08-04T12:34:35.549Z","","",""
"1","561","33.955304","-83.376558","194.39999389648438","180.0","3.9","13","2015-08-04T12:34:36.476Z","","",""
"1","562","33.955304","-83.376558","194.39999389648438","180.0","3.9","13","2015-08-04T12:34:36.616Z","","",""
"1","563","33.955186","-83.376554","193.39999389648438","181.0","3.9","12.75","2015-08-04T12:34:37.490Z","","",""
"1","564","33.955186","-83.376554","193.39999389648438","181.0","3.9","12.75","2015-08-04T12:34:37.545Z","","",""
"1","565","33.955073","-83.376555","193.0","180.0","3.9","13.25","2015-08-04T12:34:38.473Z","","",""
"1","566","33.955073","-83.376555","193.0","180.0","3.9","13.25","2015-08-04T12:34:38.491Z","","",""
"1","567","33.954949","-83.376554","193.1999969482422","179.0","3.9","13.25","2015-08-04T12:34:39.483Z","","",""
"1","568","33.954949","-83.376554","193.1999969482422","179.0","3.9","13.25","2015-08-04T12:34:39.562Z","","",""
"1","569","33.954831","-83.376552","193.6999969482422","177.0","3.9","13.25","2015-08-04T12:34:40.494Z","","",""
"1","570","33.954831","-83.376552","193.6999969482422","177.0","3.9","13.25","2015-08-04T12:34:40.554Z","","",""
"1","571","33.954703","-83.376555","192.6999969482422","177.0","3.9","12.75","2015-08-04T12:34:41.475Z","","",""
"1","572","33.954703","-83.376555","192.6999969482422","177.0","3.9","12.75","2015-08-04T12:34:41.515Z","","",""
"1","573","33.954587","-83.37655","193.60000610351563","177.0","4","12.75","2015-08-04T12:34:42.483Z","","",""
"1","574","33.954587","-83.37655","193.60000610351563","177.0","4","12.75","2015-08-04T12:34:42.553Z","","",""
"1","575","33.954455","-83.376552","191.8000030517578","179.0","3.9","13.5","2015-08-04T12:34:43.488Z","","",""
"1","576","33.954455","-83.376552","191.8000030517578","179.0","3.9","13.5","2015-08-04T12:34:43.539Z","","",""
"1","577","33.954336","-83.376554","190.89999389648438","181.0","3.9","13.5","2015-08-04T12:34:44.503Z","","",""
"1","578","33.954336","-83.376554","190.89999389648438","181.0","3.9","13.5","2015-08-04T12:34:44.562Z","","",""
"1","579","33.954217","-83.376555","190.1999969482422","181.0","3.9","13.25","2015-08-04T12:34:45.492Z","","",""
"1","580","33.954217","-83.376555","190.1999969482422","181.0","3.9","13.25","2015-08-04T12:34:45.550Z","","",""
"1","581","33.954097","-83.376556","189.6999969482422","181.0","3.9","12.75","2015-08-04T12:34:46.507Z","","",""
"1","582","33.954097","-83.376556","189.6999969482422","181.0","3.9","12.75","2015-08-04T12:34:46.535Z","","",""
"1","583","33.953983","-83.376559","189.6999969482422","181.0","5","12.75","2015-08-04T12:34:47.487Z","","",""
"1","584","33.953983","-83.376559","189.6999969482422","181.0","5","12.75","2015-08-04T12:34:47.570Z","","",""
"1","585","33.953849","-83.376559","188.5","178.0","3.9","13.25","2015-08-04T12:34:48.491Z","","",""
"1","586","33.953849","-83.376559","188.5","178.0","3.9","13.25","2015-08-04T12:34:48.552Z","","",""
"1","587","33.953727","-83.376547","188.1999969482422","178.0","3.9","13.25","2015-08-04T12:34:49.505Z","","",""
"1","588","33.953727","-83.376547","188.1999969482422","178.0","3.9","13.25","2015-08-04T12:34:49.572Z","","",""
"1","589","33.953612","-83.376548","188.0","180.0","3.9","12.5","2015-08-04T12:34:50.491Z","","",""
"1","590","33.953612","-83.376548","188.0","180.0","3.9","12.5","2015-08-04T12:34:50.552Z","","",""
"1","591","33.953489","-83.376564","186.3000030517578","181.0","3.9","12.25","2015-08-04T12:34:51.499Z","","",""
"1","592","33.953489","-83.376564","186.3000030517578","181.0","3.9","12.25","2015-08-04T12:34:51.556Z","","",""
"1","593","33.953391","-83.376557","186.0","182.0","3.9","10.5","2015-08-04T12:34:52.475Z","","",""
"1","594","33.953314","-83.376559","185.3000030517578","179.0","3.9","8","2015-08-04T12:34:53.542Z","","",""
"1","595","33.953244","-83.376566","184.39999389648438","181.0","3.9","6.25","2015-08-04T12:34:54.473Z","","",""
"1","596","33.953164","-83.376577","182.89999389648438","175.0","4","1.25","2015-08-04T12:35:06.538Z","","",""
"1","597","33.953135","-83.376571","183.0","181.0","3.9","2.25","2015-08-04T12:35:07.482Z","","",""
"1","598","33.953075","-83.376558","184.0","171.0","3.9","4.25","2015-08-04T12:35:10.245Z","","",""
"1","599","33.953028","-83.37653","184.0","154.0","4","5.5","2015-08-04T12:35:10.488Z","","",""
"1","600","33.952988","-83.376485","183.8000030517578","140.0","4","5.75","2015-08-04T12:35:11.523Z","","",""
"1","601","33.952952","-83.376409","183.39999389648438","121.0","3.9","7.25","2015-08-04T12:35:12.464Z","","",""
"1","602","33.952932","-83.376337","183.3000030517578","109.0","4","7","2015-08-04T12:35:13.499Z","","",""
"1","603","33.952927","-83.376257","182.89999389648438","97.0","4","7.5","2015-08-04T12:35:14.463Z","","",""
"1","604","33.952922","-83.376178","182.8000030517578","95.0","3.9","7.25","2015-08-04T12:35:15.534Z","","",""
"1","605","33.952913","-83.376105","183.3000030517578","97.0","4","7.25","2015-08-04T12:35:16.501Z","","",""
"1","606","33.952911","-83.376025","183.5","95.0","3.9","7.25","2015-08-04T12:35:17.498Z","","",""
"1","607","33.952904","-83.375945","183.3000030517578","96.0","3.9","7.25","2015-08-04T12:35:18.482Z","","",""
"1","608","33.9529","-83.375871","183.10000610351563","95.0","3.9","7.25","2015-08-04T12:35:19.544Z","","",""
"1","609","33.952894","-83.375793","183.10000610351563","95.0","4","7","2015-08-04T12:35:20.480Z","","",""
"1","610","33.952891","-83.375716","183.39999389648438","94.0","3.9","7","2015-08-04T12:35:21.627Z","","",""
"1","611","33.952888","-83.375641","183.8000030517578","94.0","4","7","2015-08-04T12:35:22.478Z","","",""
"1","612","33.952882","-83.37557","184.3000030517578","95.0","4","6.75","2015-08-04T12:35:23.542Z","","",""
"1","613","33.952875","-83.375496","184.39999389648438","96.0","3.9","6.75","2015-08-04T12:35:24.498Z","","",""
"1","614","33.952868","-83.375426","184.8000030517578","95.0","3.9","6.5","2015-08-04T12:35:25.556Z","","",""
"1","615","33.952863","-83.375349","185.1999969482422","95.0","3.9","6.75","2015-08-04T12:35:26.501Z","","",""
"1","616","33.952854","-83.375282","185.3000030517578","94.0","3.9","6.5","2015-08-04T12:35:27.548Z","","",""
"1","617","33.952852","-83.375214","185.6999969482422","93.0","4","6.5","2015-08-04T12:35:28.499Z","","",""
"1","618","33.952844","-83.375144","185.5","95.0","3.9","6.25","2015-08-04T12:35:29.546Z","","",""
"1","619","33.952839","-83.375076","185.5","95.0","4","6","2015-08-04T12:35:30.486Z","","",""
"1","620","33.952834","-83.375011","185.39999389648438","94.0","3.9","6","2015-08-04T12:35:31.540Z","","",""
"1","621","33.95283","-83.374945","185.6999969482422","93.0","3.9","6","2015-08-04T12:35:32.482Z","","",""
"1","622","33.952827","-83.374881","185.6999969482422","93.0","3.9","6","2015-08-04T12:35:33.548Z","","",""
"1","623","33.952821","-83.374815","185.89999389648438","95.0","3.9","6","2015-08-04T12:35:34.484Z","","",""
"1","624","33.95281","-83.374759","186.1999969482422","102.0","3.9","5.5","2015-08-04T12:35:35.550Z","","",""
"1","625","33.952787","-83.374706","186.5","115.0","3.9","5.5","2015-08-04T12:35:36.493Z","","",""
"1","626","33.952744","-83.37469","185.1999969482422","161.0","3.9","5.25","2015-08-04T12:35:37.562Z","","",""
"1","627","33.95269","-83.37469","184.5","180.0","3.9","5.75","2015-08-04T12:35:38.479Z","","",""
"1","628","33.952632","-83.374695","184.5","183.0","3.9","6.25","2015-08-04T12:35:39.544Z","","",""
"1","629","33.952568","-83.374674","184.3000030517578","173.0","3.9","7.5","2015-08-04T12:35:40.473Z","","",""
"1","630","33.9525","-83.374665","183.1999969482422","169.0","3.9","8.5","2015-08-04T12:35:41.568Z","","",""
"1","631","33.952427","-83.374641","182.3000030517578","168.0","3.9","9","2015-08-04T12:35:42.478Z","","",""
"1","632","33.952341","-83.374627","181.39999389648438","170.0","3.9","9.5","2015-08-04T12:35:43.543Z","","",""
"1","633","33.952253","-83.374605","180.3000030517578","167.0","3.9","10.25","2015-08-04T12:35:44.468Z","","",""
"1","634","33.952253","-83.374605","180.3000030517578","167.0","3.9","10.25","2015-08-04T12:35:44.522Z","","",""
"1","635","33.952164","-83.37458","179.6999969482422","167.0","5","10.25","2015-08-04T12:35:45.462Z","","",""
"1","636","33.952164","-83.37458","179.6999969482422","167.0","5","10.25","2015-08-04T12:35:45.483Z","","",""
"1","637","33.952074","-83.374549","178.39999389648438","165.0","3.9","10.5","2015-08-04T12:35:46.481Z","","",""
"1","638","33.952074","-83.374549","178.39999389648438","165.0","3.9","10.5","2015-08-04T12:35:46.548Z","","",""
"1","639","33.951977","-83.374517","177.60000610351563","166.0","3.9","11","2015-08-04T12:35:47.504Z","","",""
"1","640","33.951977","-83.374517","177.60000610351563","166.0","3.9","11","2015-08-04T12:35:47.573Z","","",""
"1","641","33.951887","-83.374495","177.0","169.0","3.9","10.5","2015-08-04T12:35:48.496Z","","",""
"1","642","33.951887","-83.374495","177.0","169.0","3.9","10.5","2015-08-04T12:35:48.571Z","","",""
"1","643","33.951794","-83.374475","176.6999969482422","169.0","5","10.5","2015-08-04T12:35:49.488Z","","",""
"1","644","33.951794","-83.374475","176.6999969482422","169.0","5","10.5","2015-08-04T12:35:49.550Z","","",""
"1","645","33.951702","-83.374433","176.1999969482422","159.0","3.9","10.25","2015-08-04T12:35:50.487Z","","",""
"1","646","33.951626","-83.374387","175.0","159.0","3.9","9.5","2015-08-04T12:35:51.548Z","","",""
"1","647","33.951544","-83.374359","173.89999389648438","161.0","3.9","9.25","2015-08-04T12:35:52.502Z","","",""
"1","648","33.951544","-83.374359","173.89999389648438","161.0","3.9","9.25","2015-08-04T12:35:52.565Z","","",""
"1","649","33.951458","-83.37432","173.5","161.0","3.9","9","2015-08-04T12:35:53.489Z","","",""
"1","650","33.95138","-83.374291","174.1999969482422","165.0","3.9","8.25","2015-08-04T12:35:54.540Z","","",""
"1","651","33.951307","-83.374268","174.10000610351563","165.0","3.9","7.5","2015-08-04T12:35:55.482Z","","",""
"1","652","33.951235","-83.374244","173.1999969482422","167.0","3.9","7.5","2015-08-04T12:35:56.581Z","","",""
"1","653","33.951167","-83.374233","173.39999389648438","171.0","3.9","7.75","2015-08-04T12:35:57.513Z","","",""
"1","654","33.951098","-83.374222","173.8000030517578","173.0","3.9","8","2015-08-04T12:35:58.503Z","","",""
"1","655","33.951028","-83.374215","174.0","176.0","3.9","7.75","2015-08-04T12:35:59.466Z","","",""
"1","656","33.950955","-83.374213","174.1999969482422","182.0","3.9","8.25","2015-08-04T12:36:00.492Z","","",""
"1","657","33.950882","-83.374214","174.10000610351563","186.0","3.9","8","2015-08-04T12:36:01.466Z","","",""
"1","658","33.950808","-83.374223","173.5","192.0","3.9","8.25","2015-08-04T12:36:02.494Z","","",""
"1","659","33.950733","-83.374239","173.89999389648438","196.0","3.9","8.25","2015-08-04T12:36:03.468Z","","",""
"1","660","33.950659","-83.374265","174.1999969482422","200.0","3.9","9","2015-08-04T12:36:04.535Z","","",""
"1","661","33.950582","-83.374301","174.1999969482422","203.0","3.9","9","2015-08-04T12:36:05.466Z","","",""
"1","662","33.950508","-83.374344","174.10000610351563","203.0","3.9","9","2015-08-04T12:36:06.483Z","","",""
"1","663","33.950433","-83.374384","174.0","203.0","3.9","9","2015-08-04T12:36:07.467Z","","",""
"1","664","33.950363","-83.374428","173.89999389648438","204.0","3.9","9","2015-08-04T12:36:08.492Z","","",""
"1","665","33.950291","-83.374467","174.0","204.0","3.9","9","2015-08-04T12:36:09.467Z","","",""
"1","666","33.950211","-83.37449","175.3000030517578","204.0","3.9","9.25","2015-08-04T12:36:10.496Z","","",""
"1","667","33.950137","-83.37453","174.6999969482422","204.0","3.9","9.25","2015-08-04T12:36:11.463Z","","",""
"1","668","33.95006","-83.374576","174.8000030517578","204.0","3.9","9.25","2015-08-04T12:36:12.490Z","","",""
"1","669","33.949984","-83.374622","175.3000030517578","204.0","3.9","9.75","2015-08-04T12:36:13.467Z","","",""
"1","670","33.949984","-83.374622","175.3000030517578","204.0","3.9","9.75","2015-08-04T12:36:13.510Z","","",""
"1","671","33.949902","-83.374669","175.0","203.0","3.9","10","2015-08-04T12:36:14.467Z","","",""
"1","672","33.949822","-83.374715","174.10000610351563","205.0","3.9","10.25","2015-08-04T12:36:15.487Z","","",""
"1","673","33.949746","-83.374767","174.0","208.0","3.9","10.25","2015-08-04T12:36:16.466Z","","",""
"1","674","33.949746","-83.374767","174.0","208.0","3.9","10.25","2015-08-04T12:36:16.497Z","","",""
"1","675","33.949668","-83.374825","173.39999389648438","210.0","3.9","10.25","2015-08-04T12:36:17.464Z","","",""
"1","676","33.949668","-83.374825","173.39999389648438","210.0","3.9","10.25","2015-08-04T12:36:17.494Z","","",""
"1","677","33.949592","-83.37489","173.0","216.0","3.9","10.25","2015-08-04T12:36:18.468Z","","",""
"1","678","33.949528","-83.374954","173.5","221.0","3.9","9.75","2015-08-04T12:36:19.562Z","","",""
"1","679","33.949464","-83.375016","173.8000030517578","220.0","3.9","9.5","2015-08-04T12:36:20.496Z","","",""
"1","680","33.949418","-83.375092","174.60000610351563","231.0","3.9","9.25","2015-08-04T12:36:21.560Z","","",""
"1","681","33.94937","-83.375163","176.6999969482422","232.0","3.9","8","2015-08-04T12:36:22.499Z","","",""
"1","682","33.949326","-83.375239","177.89999389648438","234.0","3.9","8.5","2015-08-04T12:36:23.562Z","","",""
"1","683","33.949281","-83.375315","178.8000030517578","234.0","5","8.5","2015-08-04T12:36:24.482Z","","",""
"1","684","33.949252","-83.3754","178.10000610351563","242.0","3.9","7.75","2015-08-04T12:36:25.605Z","","",""
"1","685","33.949222","-83.375467","177.6999969482422","242.0","3.9","6.75","2015-08-04T12:36:26.501Z","","",""
"1","686","33.949203","-83.375524","177.89999389648438","246.0","3.9","5.75","2015-08-04T12:36:27.490Z","","",""
"1","687","33.949183","-83.375578","178.60000610351563","246.0","3.9","5","2015-08-04T12:36:28.483Z","","",""
"1","688","33.949132","-83.375643","180.3000030517578","192.0","3.9","4","2015-08-04T12:36:30.562Z","","",""
"1","689","33.949101","-83.37564","181.0","156.0","3.9","4.25","2015-08-04T12:36:31.510Z","","",""
"1","690","33.949052","-83.375569","180.1999969482422","110.0","3.9","4.25","2015-08-04T12:36:33.548Z","","",""
"1","691","33.949047","-83.375517","180.6999969482422","90.0","3.9","4.75","2015-08-04T12:36:34.484Z","","",""
"1","692","33.949039","-83.375419","180.10000610351563","93.0","3.9","5","2015-08-04T12:36:36.540Z","","",""
"1","693","33.949037","-83.375362","179.10000610351563","91.0","3.9","5","2015-08-04T12:36:37.497Z","","",""
"1","694","33.949031","-83.375265","179.0","95.0","3.9","4.25","2015-08-04T12:36:39.575Z","","",""
"1","695","33.949042","-83.37521","179.5","87.0","3.9","4.75","2015-08-04T12:36:40.498Z","","",""
"1","696","33.949037","-83.375109","179.3000030517578","90.0","3.9","4.5","2015-08-04T12:36:42.497Z","","",""
"1","697","33.949039","-83.375061","180.10000610351563","89.0","3.9","4.75","2015-08-04T12:36:43.492Z","","",""
"1","698","33.949024","-83.374966","180.60000610351563","94.0","3.9","4.75","2015-08-04T12:36:45.552Z","","",""
"1","699","33.949016","-83.37492","181.6999969482422","93.0","3.9","4.5","2015-08-04T12:36:46.501Z","","",""
"1","700","33.949015","-83.374822","183.10000610351563","92.0","4","4.5","2015-08-04T12:36:48.541Z","","",""
"1","701","33.949009","-83.374775","183.60000610351563","95.0","5","4.5","2015-08-04T12:36:49.506Z","","",""
"1","702","33.949003","-83.374672","183.89999389648438","91.0","7","4.75","2015-08-04T12:36:51.546Z","","",""
"1","703","33.948992","-83.374611","183.89999389648438","92.0","5","5","2015-08-04T12:36:52.471Z","","",""
"1","704","33.948975","-83.374506","184.6999969482422","96.0","7","4.5","2015-08-04T12:36:54.542Z","","",""
"1","705","33.948954","-83.374459","183.6999969482422","101.0","5","4","2015-08-04T12:36:55.495Z","","",""
"1","706","33.948927","-83.374363","183.6999969482422","107.0","4","4.75","2015-08-04T12:36:57.545Z","","",""
"1","707","33.948917","-83.374316","183.10000610351563","100.0","4","4.75","2015-08-04T12:36:58.489Z","","",""
"1","708","33.948883","-83.374232","182.39999389648438","116.0","4","4.75","2015-08-04T12:37:00.549Z","","",""
"1","709","33.948876","-83.374186","183.89999389648438","108.0","4","4.75","2015-08-04T12:37:01.500Z","","",""
"1","710","33.948856","-83.374104","186.0","118.0","4","4.25","2015-08-04T12:37:03.552Z","","",""
"1","711","33.948847","-83.374056","186.0","109.0","4","4.25","2015-08-04T12:37:04.490Z","","",""
"1","712","33.948839","-83.373956","186.89999389648438","98.0","3.9","4.5","2015-08-04T12:37:06.545Z","","",""
"1","713","33.948834","-83.373905","187.10000610351563","98.0","4","4.5","2015-08-04T12:37:07.483Z","","",""
"1","714","33.948803","-83.373807","186.6999969482422","113.0","4","4.75","2015-08-04T12:37:09.549Z","","",""
"1","715","33.948765","-83.373746","187.0","120.0","4","5.5","2015-08-04T12:37:10.481Z","","",""
"1","716","33.948739","-83.373699","187.10000610351563","121.0","5","5.25","2015-08-04T12:37:11.543Z","","",""
"1","717","33.948704","-83.37365","187.10000610351563","127.0","5","5.5","2015-08-04T12:37:12.487Z","","",""
"1","718","33.948622","-83.373614","187.89999389648438","161.0","7","4","2015-08-04T12:37:15.548Z","","",""
"1","719","33.94861","-83.373638","188.10000610351563","192.0","5","3","2015-08-04T12:37:16.501Z","","",""
"1","720","33.948531","-83.373616","189.10000610351563","162.0","6","2","2015-08-04T12:37:19.562Z","","",""
"1","721","33.948514","-83.373627","189.89999389648438","179.0","5","1.25","2015-08-04T12:37:20.488Z","","",""
"1","722","33.948505","-83.373718","189.60000610351563","263.0","5","2.25","2015-08-04T12:37:24.548Z","","",""
"1","723","33.948502","-83.37374","189.3000030517578","262.0","5","2","2015-08-04T12:37:25.501Z","","",""
"1","724","33.948557","-83.373823","189.5","51.0","8","0.5","2015-08-04T12:38:22.197Z","","",""
"1","725","33.948563","-83.373839","191.39999389648438","51.0","7","0.25","2015-08-04T12:38:22.491Z","","",""
"1","726","33.948574","-83.373863","191.5","51.0","8","0.25","2015-08-04T12:39:10.103Z","","",""
