"sentence","time","lat","NS","lon","EW","quality","satellites","dilution","altitude","height","speed"
"$GPGGA","2015-08-04 08:24:34",33.967095,"N",-83.4038483333333,"W","1",4,2.17,277.6,-31.4,0.77784
"$GPGGA","2015-08-04 08:24:35",33.9671066666667,"N",-83.4038433333334,"W","1",4,2.17,282,-31.4,0.66672
"$GPGGA","2015-08-04 08:24:36",33.9671066666667,"N",-83.4038316666667,"W","1",4,2.17,280.6,-31.4,0.77784
"$GPGGA","2015-08-04 08:24:37",33.96711,"N",-83.4038233333333,"W","1",4,2.17,278.8,-31.4,0.16668
"$GPGGA","2015-08-04 08:24:38",33.9671083333333,"N",-83.4038233333333,"W","1",4,2.17,278.1,-31.4,0.33336
"$GPGGA","2015-08-04 08:24:39",33.9671066666667,"N",-83.403825,"W","1",4,2.17,278,-31.4,0.40744
"$GPGGA","2015-08-04 08:24:40",33.96711,"N",-83.4038216666667,"W","1",4,2.17,277.3,-31.4,0.16668
"$GPGGA","2015-08-04 08:24:41",33.9671116666667,"N",-83.403825,"W","1",4,2.17,275.6,-31.4,0.42596
"$GPGGA","2015-08-04 08:24:42",33.9671116666667,"N",-83.4038233333333,"W","1",4,2.17,274.2,-31.4,0.25928
"$GPGGA","2015-08-04 08:24:43",33.9671133333333,"N",-83.403825,"W","1",4,2.16,273.6,-31.4,0.22224
"$GPGGA","2015-08-04 08:24:44",33.967115,"N",-83.4038283333333,"W","1",4,2.17,273,-31.4,0.463
"$GPGGA","2015-08-04 08:24:45",33.9671166666667,"N",-83.40383,"W","1",4,2.17,272.1,-31.4,0.66672
"$GPGGA","2015-08-04 08:24:46",33.9671183333333,"N",-83.40383,"W","1",4,2.16,271.2,-31.4,0.7408
"$GPGGA","2015-08-04 08:24:47",33.9671166666667,"N",-83.4038316666667,"W","1",4,2.16,270.5,-31.4,0.68524
"$GPGGA","2015-08-04 08:24:48",33.9671216666667,"N",-83.4038283333333,"W","1",4,2.22,270.4,-31.4,0.40744
"$GPGGA","2015-08-04 08:24:49",33.9671266666667,"N",-83.4038233333333,"W","1",4,2.16,270.8,-31.4,0.48152
"$GPGGA","2015-08-04 08:24:50",33.967125,"N",-83.40382,"W","1",5,1.74,270.8,-31.4,0.57412
"$GPGGA","2015-08-04 08:24:51",33.9671133333333,"N",-83.4038266666667,"W","1",5,1.89,265,-31.4,0.66672
"$GPGGA","2015-08-04 08:24:52",33.9671116666667,"N",-83.4038283333333,"W","1",5,1.89,262.5,-31.4,0.48152
"$GPGGA","2015-08-04 08:24:53",33.9671083333333,"N",-83.4038316666667,"W","1",5,1.74,261.3,-31.4,0.31484
"$GPGGA","2015-08-04 08:24:54",33.9671083333333,"N",-83.40383,"W","1",5,1.74,260.3,-31.4,0.12964
"$GPGGA","2015-08-04 08:24:55",33.9671066666667,"N",-83.40383,"W","1",5,1.74,259.1,-31.4,0.1852
"$GPGGA","2015-08-04 08:24:56",33.9671066666667,"N",-83.4038383333333,"W","1",5,1.74,258.4,-31.4,0.05556
"$GPGGA","2015-08-04 08:24:57",33.967105,"N",-83.40383,"W","1",5,1.74,257.5,-31.4,0.33336
"$GPGGA","2015-08-04 08:24:58",33.9671033333333,"N",-83.40383,"W","1",5,1.74,256.7,-31.4,0.0926
"$GPGGA","2015-08-04 08:24:59",33.9671016666667,"N",-83.40383,"W","1",5,1.74,256.2,-31.4,0.2778
"$GPGGA","2015-08-04 08:25:00",33.9671,"N",-83.4038283333333,"W","1",5,1.74,256.3,-31.4,0.24076
"$GPGGA","2015-08-04 08:25:01",33.9671,"N",-83.40382,"W","1",5,1.74,256.2,-31.4,0.35188
"$GPGGA","2015-08-04 08:25:02",33.9670966666667,"N",-83.4038233333333,"W","1",5,1.74,255.4,-31.4,0.42596
"$GPGGA","2015-08-04 08:25:03",33.9670916666667,"N",-83.403815,"W","1",5,1.74,255.3,-31.4,0.2778
"$GPGGA","2015-08-04 08:25:04",33.9670866666667,"N",-83.4038116666667,"W","1",5,1.74,254.1,-31.4,0.51856
"$GPGGA","2015-08-04 08:25:05",33.9670816666667,"N",-83.4038033333333,"W","1",5,1.73,253.5,-31.4,0.90748
"$GPGGA","2015-08-04 08:25:06",33.9670733333333,"N",-83.4038016666667,"W","1",5,1.73,253,-31.4,1.24084
"$GPGGA","2015-08-04 08:25:07",33.9670666666667,"N",-83.4037916666667,"W","1",5,1.73,253.4,-31.4,1.09268
"$GPGGA","2015-08-04 08:25:08",33.96706,"N",-83.4037916666667,"W","1",5,1.73,253.3,-31.4,1.35196
"$GPGGA","2015-08-04 08:25:09",33.9670516666667,"N",-83.40379,"W","1",5,1.73,252.8,-31.4,1.44456
"$GPGGA","2015-08-04 08:25:10",33.9670483333333,"N",-83.40379,"W","1",5,1.73,252.2,-31.4,1.64828
"$GPGGA","2015-08-04 08:25:11",33.967045,"N",-83.40379,"W","1",5,1.73,251.8,-31.4,0.72228
"$GPGGA","2015-08-04 08:25:12",33.9670416666667,"N",-83.4037916666667,"W","1",5,1.73,251.6,-31.4,0.50004
"$GPGGA","2015-08-04 08:25:13",33.96704,"N",-83.4037983333333,"W","1",5,1.73,251.3,-31.4,0.50004
"$GPGGA","2015-08-04 08:25:14",33.96704,"N",-83.4037983333333,"W","1",5,1.73,251.3,-31.4,0.12964
"$GPGGA","2015-08-04 08:25:15",33.96704,"N",-83.4037983333333,"W","1",5,1.73,251.3,-31.4,0.03704
"$GPGGA","2015-08-04 08:25:16",33.96704,"N",-83.4037983333333,"W","1",5,1.73,251.3,-31.4,0.01852
"$GPGGA","2015-08-04 08:25:17",33.96704,"N",-83.4037983333333,"W","1",5,1.88,251.3,-31.4,0.29632
"$GPGGA","2015-08-04 08:25:18",33.9670416666667,"N",-83.4037983333333,"W","1",5,1.73,251.3,-31.4,0.44448
"$GPGGA","2015-08-04 08:25:19",33.9670416666667,"N",-83.4038,"W","1",5,1.73,251.3,-31.4,0.35188
"$GPGGA","2015-08-04 08:25:20",33.9670433333333,"N",-83.4038,"W","1",5,1.73,251.3,-31.4,0.62968
"$GPGGA","2015-08-04 08:25:21",33.967045,"N",-83.4038,"W","1",5,1.73,251.3,-31.4,0.94452
"$GPGGA","2015-08-04 08:25:22",33.967045,"N",-83.4038,"W","1",5,1.73,251.3,-31.4,0.16668
"$GPGGA","2015-08-04 08:25:23",33.9670433333333,"N",-83.4038,"W","1",5,1.73,251.3,-31.4,0.88896
"$GPGGA","2015-08-04 08:25:24",33.9670416666667,"N",-83.4038,"W","1",5,1.73,251.3,-31.4,0.51856
"$GPGGA","2015-08-04 08:25:25",33.96704,"N",-83.4038,"W","1",5,1.73,251.3,-31.4,0.70376
"$GPGGA","2015-08-04 08:25:26",33.9670383333333,"N",-83.4038016666667,"W","1",5,1.73,251.3,-31.4,0.48152
"$GPGGA","2015-08-04 08:25:27",33.9670383333333,"N",-83.4038016666667,"W","1",5,1.73,251.2,-31.4,0.16668
"$GPGGA","2015-08-04 08:25:28",33.9670383333333,"N",-83.4038016666667,"W","1",5,1.73,251.2,-31.4,0.16668
"$GPGGA","2015-08-04 08:25:29",33.9670366666667,"N",-83.4038016666667,"W","1",5,1.73,251.2,-31.4,0.33336
"$GPGGA","2015-08-04 08:25:30",33.967025,"N",-83.4037983333333,"W","1",5,1.73,250.9,-31.4,1.22232
"$GPGGA","2015-08-04 08:25:31",33.967015,"N",-83.403795,"W","1",5,1.73,250.7,-31.4,2.70392
"$GPGGA","2015-08-04 08:25:32",33.9670033333333,"N",-83.4038,"W","1",5,1.73,250.4,-31.4,3.46324
"$GPGGA","2015-08-04 08:25:33",33.966975,"N",-83.403825,"W","1",5,1.73,250.3,-31.4,3.87068
"$GPGGA","2015-08-04 08:25:34",33.9669533333333,"N",-83.40383,"W","1",5,1.73,250.2,-31.4,6.83388
"$GPGGA","2015-08-04 08:25:35",33.9669166666667,"N",-83.403825,"W","1",5,1.87,250,-31.4,9.85264
"$GPGGA","2015-08-04 08:25:36",33.9668783333333,"N",-83.4037966666667,"W","1",5,1.87,249.9,-31.4,16.50132
"$GPGGA","2015-08-04 08:25:37",33.9668416666667,"N",-83.4037583333333,"W","1",5,1.73,249.8,-31.4,17.42732
"$GPGGA","2015-08-04 08:25:38",33.966805,"N",-83.4037183333333,"W","1",5,1.87,250,-31.4,18.39036
"$GPGGA","2015-08-04 08:25:39",33.96677,"N",-83.4036783333333,"W","1",5,1.73,250,-31.4,18.90892
"$GPGGA","2015-08-04 08:25:40",33.9667383333333,"N",-83.4036366666667,"W","1",5,1.73,250,-31.4,17.90884
"$GPGGA","2015-08-04 08:25:41",33.96671,"N",-83.403595,"W","1",5,1.73,250,-31.4,17.24212
"$GPGGA","2015-08-04 08:25:42",33.966685,"N",-83.4035583333333,"W","1",5,1.73,250.1,-31.4,16.40872
"$GPGGA","2015-08-04 08:25:43",33.966665,"N",-83.4035266666667,"W","1",5,1.73,250.2,-31.4,14.22336
"$GPGGA","2015-08-04 08:25:44",33.9666583333333,"N",-83.403495,"W","1",5,1.73,250,-31.4,10.8342
"$GPGGA","2015-08-04 08:25:45",33.9666583333333,"N",-83.40347,"W","1",5,1.73,249.9,-31.4,8.87108
"$GPGGA","2015-08-04 08:25:46",33.9666716666667,"N",-83.403435,"W","1",5,1.73,249.8,-31.4,8.96368
"$GPGGA","2015-08-04 08:25:47",33.966695,"N",-83.4033933333334,"W","1",5,1.73,249.7,-31.4,12.42692
"$GPGGA","2015-08-04 08:25:48",33.9667283333333,"N",-83.4033466666667,"W","1",5,1.73,249.4,-31.4,16.90876
"$GPGGA","2015-08-04 08:25:49",33.96677,"N",-83.4033016666667,"W","1",5,1.73,249.2,-31.4,20.26088
"$GPGGA","2015-08-04 08:25:50",33.9668183333333,"N",-83.4032416666667,"W","1",6,1.34,249.6,-31.4,21.33504
"$GPGGA","2015-08-04 08:25:51",33.9668666666667,"N",-83.40319,"W","1",6,1.34,249.9,-31.4,22.72404
"$GPGGA","2015-08-04 08:25:52",33.96691,"N",-83.4031466666667,"W","1",6,1.34,250.2,-31.4,22.18696
"$GPGGA","2015-08-04 08:25:53",33.9669516666667,"N",-83.403105,"W","1",6,1.34,250.2,-31.4,20.9276
"$GPGGA","2015-08-04 08:25:54",33.9669983333333,"N",-83.4030616666666,"W","1",6,1.34,250.3,-31.4,19.27932
"$GPGGA","2015-08-04 08:25:55",33.9670416666667,"N",-83.4030133333333,"W","1",6,1.34,250.4,-31.4,22.11288
"$GPGGA","2015-08-04 08:25:56",33.96709,"N",-83.4029666666667,"W","1",6,1.34,250.4,-31.4,23.7056
"$GPGGA","2015-08-04 08:25:57",33.9671383333333,"N",-83.4029183333333,"W","1",6,1.34,250.3,-31.4,24.52048
"$GPGGA","2015-08-04 08:25:58",33.9671883333333,"N",-83.4028683333333,"W","1",6,1.34,250.2,-31.4,24.57604
"$GPGGA","2015-08-04 08:25:59",33.9672416666667,"N",-83.4028183333333,"W","1",6,1.34,250.2,-31.4,25.52056
"$GPGGA","2015-08-04 08:26:00",33.9672916666667,"N",-83.40277,"W","1",6,1.34,250.3,-31.4,25.5576
"$GPGGA","2015-08-04 08:26:01",33.9673383333333,"N",-83.40272,"W","1",6,1.34,250.4,-31.4,24.87236
"$GPGGA","2015-08-04 08:26:02",33.9673833333333,"N",-83.402665,"W","1",6,1.34,250.5,-31.4,24.539
"$GPGGA","2015-08-04 08:26:03",33.9674266666667,"N",-83.4026116666666,"W","1",6,1.34,250.6,-31.4,24.57604
"$GPGGA","2015-08-04 08:26:04",33.96747,"N",-83.40256,"W","1",6,1.34,250.6,-31.4,24.48344
"$GPGGA","2015-08-04 08:26:05",33.9675133333333,"N",-83.4025033333333,"W","1",6,1.34,250.6,-31.4,23.57596
"$GPGGA","2015-08-04 08:26:06",33.9675533333333,"N",-83.4024616666667,"W","1",6,1.34,250.5,-31.4,22.42772
"$GPGGA","2015-08-04 08:26:07",33.9675816666667,"N",-83.40243,"W","1",6,1.34,250.4,-31.4,18.74224
"$GPGGA","2015-08-04 08:26:08",33.9676,"N",-83.4024033333333,"W","1",6,1.34,250.4,-31.4,15.11232
"$GPGGA","2015-08-04 08:26:09",33.9676083333333,"N",-83.40238,"W","1",6,1.34,250.4,-31.4,11.2972
"$GPGGA","2015-08-04 08:26:10",33.9676066666667,"N",-83.4023483333333,"W","1",6,1.34,250.3,-31.4,10.68604
"$GPGGA","2015-08-04 08:26:11",33.9675816666667,"N",-83.4023133333333,"W","1",6,1.74,250.1,-31.4,14.353
"$GPGGA","2015-08-04 08:26:12",33.9675416666667,"N",-83.402275,"W","1",6,1.34,250,-31.4,19.48304
"$GPGGA","2015-08-04 08:26:13",33.9675033333333,"N",-83.4022233333334,"W","1",6,1.34,249.6,-31.4,25.11312
"$GPGGA","2015-08-04 08:26:14",33.967455,"N",-83.4021633333333,"W","1",6,1.34,249.5,-31.4,21.26096
"$GPGGA","2015-08-04 08:26:15",33.9674066666667,"N",-83.40209,"W","1",6,1.74,249.1,-31.4,31.70624
"$GPGGA","2015-08-04 08:26:16",33.9673583333333,"N",-83.4020133333333,"W","1",6,1.34,248.4,-31.4,31.70624
"$GPGGA","2015-08-04 08:26:17",33.9673066666667,"N",-83.4019383333333,"W","1",6,1.34,247.9,-31.4,31.83588
"$GPGGA","2015-08-04 08:26:18",33.9672533333333,"N",-83.4018616666666,"W","1",6,1.34,247.4,-31.4,31.79884
"$GPGGA","2015-08-04 08:26:19",33.9672,"N",-83.4017866666667,"W","1",6,1.34,247.1,-31.4,32.09516
"$GPGGA","2015-08-04 08:26:20",33.9671416666667,"N",-83.4017116666666,"W","1",5,1.72,246.9,-31.4,32.20628
"$GPGGA","2015-08-04 08:26:21",33.9670833333333,"N",-83.4016316666667,"W","1",6,1.34,246.7,-31.4,33.78048
"$GPGGA","2015-08-04 08:26:22",33.967025,"N",-83.4015466666667,"W","1",6,1.34,246.5,-31.4,34.70648
"$GPGGA","2015-08-04 08:26:23",33.9669666666667,"N",-83.4014616666667,"W","1",6,1.34,246.5,-31.4,36.13252
"$GPGGA","2015-08-04 08:26:24",33.9669066666667,"N",-83.401375,"W","1",6,1.34,246.4,-31.4,36.91036
"$GPGGA","2015-08-04 08:26:25",33.96685,"N",-83.4012866666666,"W","1",5,1.72,246.3,-31.4,37.44744
"$GPGGA","2015-08-04 08:26:26",33.9668033333333,"N",-83.4011883333333,"W","1",6,1.34,246.4,-31.4,37.09556
"$GPGGA","2015-08-04 08:26:27",33.966765,"N",-83.401085,"W","1",6,1.34,246.2,-31.4,38.28084
"$GPGGA","2015-08-04 08:26:28",33.9667383333333,"N",-83.40097,"W","1",6,1.34,245.9,-31.4,38.41048
"$GPGGA","2015-08-04 08:26:29",33.96672,"N",-83.40085,"W","1",6,1.34,245.5,-31.4,39.48464
"$GPGGA","2015-08-04 08:26:30",33.9667083333333,"N",-83.40072,"W","1",6,1.34,245.2,-31.4,40.52176
"$GPGGA","2015-08-04 08:26:31",33.9666933333333,"N",-83.40059,"W","1",6,1.34,244.9,-31.4,42.72564
"$GPGGA","2015-08-04 08:26:32",33.9666766666667,"N",-83.4004633333333,"W","1",6,1.34,244.5,-31.4,43.35532
"$GPGGA","2015-08-04 08:26:33",33.9666633333333,"N",-83.4003266666667,"W","1",6,1.34,244.1,-31.4,44.74432
"$GPGGA","2015-08-04 08:26:34",33.9666533333333,"N",-83.400185,"W","1",6,1.34,243.9,-31.4,46.72596
"$GPGGA","2015-08-04 08:26:35",33.9666366666667,"N",-83.40005,"W","1",6,1.34,243.7,-31.4,46.83708
"$GPGGA","2015-08-04 08:26:36",33.96662,"N",-83.3999166666667,"W","1",6,1.34,243.2,-31.4,46.80004
"$GPGGA","2015-08-04 08:26:37",33.9666016666667,"N",-83.3997833333333,"W","1",6,1.34,242.7,-31.4,45.26288
"$GPGGA","2015-08-04 08:26:38",33.9665866666667,"N",-83.399645,"W","1",6,1.73,242,-31.4,45.57772
"$GPGGA","2015-08-04 08:26:39",33.9665733333333,"N",-83.3995033333333,"W","1",6,1.34,241.3,-31.4,46.98524
"$GPGGA","2015-08-04 08:26:40",33.9665583333333,"N",-83.3993616666667,"W","1",6,1.34,240.6,-31.4,47.0408
"$GPGGA","2015-08-04 08:26:41",33.966545,"N",-83.3992233333333,"W","1",6,1.34,240,-31.4,46.9482
"$GPGGA","2015-08-04 08:26:42",33.9665316666667,"N",-83.3990833333333,"W","1",6,1.34,239.2,-31.4,47.02228
"$GPGGA","2015-08-04 08:26:43",33.9665216666667,"N",-83.39894,"W","1",6,1.34,238.5,-31.4,47.48528
"$GPGGA","2015-08-04 08:26:44",33.9665133333333,"N",-83.3987916666667,"W","1",6,1.34,237.7,-31.4,49.18912
"$GPGGA","2015-08-04 08:26:45",33.9665016666667,"N",-83.39865,"W","1",6,1.34,237.1,-31.4,48.3372
"$GPGGA","2015-08-04 08:26:46",33.9664883333333,"N",-83.3985116666667,"W","1",6,1.34,236.4,-31.4,46.65188
"$GPGGA","2015-08-04 08:26:47",33.9664733333333,"N",-83.39837,"W","1",6,1.34,235.7,-31.4,47.61492
"$GPGGA","2015-08-04 08:26:48",33.96646,"N",-83.398225,"W","1",6,1.34,234.9,-31.4,48.615
"$GPGGA","2015-08-04 08:26:49",33.9664466666667,"N",-83.3980783333333,"W","1",6,1.34,234.1,-31.4,48.04088
"$GPGGA","2015-08-04 08:26:50",33.9664316666667,"N",-83.3979383333333,"W","1",5,1.47,233.7,-31.4,45.57772
"$GPGGA","2015-08-04 08:26:51",33.9664183333333,"N",-83.3977966666667,"W","1",6,1.34,233.4,-31.4,43.59608
"$GPGGA","2015-08-04 08:26:52",33.9664083333333,"N",-83.3976583333333,"W","1",6,1.34,233.4,-31.4,40.59584
"$GPGGA","2015-08-04 08:26:53",33.9663983333333,"N",-83.3975366666667,"W","1",6,1.34,233.8,-31.4,40.5588
"$GPGGA","2015-08-04 08:26:54",33.9663883333333,"N",-83.397415,"W","1",5,1.47,234.2,-31.4,39.9106
"$GPGGA","2015-08-04 08:26:55",33.966375,"N",-83.3973,"W","1",6,1.34,234.5,-31.4,39.818
"$GPGGA","2015-08-04 08:26:56",33.9663566666667,"N",-83.39719,"W","1",6,1.34,234.9,-31.4,38.39196
"$GPGGA","2015-08-04 08:26:57",33.9663366666667,"N",-83.397085,"W","1",6,1.33,235.4,-31.4,37.00296
"$GPGGA","2015-08-04 08:26:58",33.96632,"N",-83.3969833333333,"W","1",6,1.34,235.9,-31.4,34.66944
"$GPGGA","2015-08-04 08:26:59",33.9663033333333,"N",-83.3968866666667,"W","1",6,1.34,236.3,-31.4,33.6138
"$GPGGA","2015-08-04 08:27:00",33.96629,"N",-83.3967966666667,"W","1",6,1.33,236.8,-31.4,31.79884
"$GPGGA","2015-08-04 08:27:01",33.9662733333333,"N",-83.39672,"W","1",6,1.34,237.5,-31.4,30.94692
"$GPGGA","2015-08-04 08:27:02",33.9662666666667,"N",-83.3966416666667,"W","1",6,1.34,238.1,-31.4,29.632
"$GPGGA","2015-08-04 08:27:03",33.9662566666667,"N",-83.396565,"W","1",6,1.34,238.8,-31.4,29.50236
"$GPGGA","2015-08-04 08:27:04",33.9662516666667,"N",-83.3964883333333,"W","1",6,1.34,239.5,-31.4,27.74296
"$GPGGA","2015-08-04 08:27:05",33.9662466666667,"N",-83.39641,"W","1",6,1.34,240.2,-31.4,26.52064
"$GPGGA","2015-08-04 08:27:06",33.96624,"N",-83.3963316666667,"W","1",5,1.47,240.8,-31.4,27.57628
"$GPGGA","2015-08-04 08:27:07",33.966235,"N",-83.3962566666667,"W","1",6,1.33,241.4,-31.4,28.1504
"$GPGGA","2015-08-04 08:27:08",33.9662233333333,"N",-83.3961916666667,"W","1",5,1.47,242,-31.4,27.6874
"$GPGGA","2015-08-04 08:27:09",33.966215,"N",-83.396125,"W","1",5,1.47,242.4,-31.4,24.4464
"$GPGGA","2015-08-04 08:27:10",33.9662066666667,"N",-83.3960633333333,"W","1",6,1.34,242.9,-31.4,23.2426
"$GPGGA","2015-08-04 08:27:11",33.9661983333333,"N",-83.3960033333334,"W","1",6,1.33,243.3,-31.4,21.79804
"$GPGGA","2015-08-04 08:27:12",33.9661916666667,"N",-83.3959416666666,"W","1",6,1.33,243.9,-31.4,20.53868
"$GPGGA","2015-08-04 08:27:13",33.9661833333333,"N",-83.3958766666667,"W","1",6,1.33,244.5,-31.4,22.3166
"$GPGGA","2015-08-04 08:27:14",33.9661733333333,"N",-83.3958066666667,"W","1",6,1.33,244.9,-31.4,24.70568
"$GPGGA","2015-08-04 08:27:15",33.966165,"N",-83.3957316666667,"W","1",6,1.33,245.3,-31.4,26.15024
"$GPGGA","2015-08-04 08:27:16",33.9661583333333,"N",-83.3956516666667,"W","1",6,1.33,245.8,-31.4,26.22432
"$GPGGA","2015-08-04 08:27:17",33.9661516666667,"N",-83.39557,"W","1",6,1.33,246.4,-31.4,27.65036
"$GPGGA","2015-08-04 08:27:18",33.96614,"N",-83.3954983333334,"W","1",6,1.33,246.8,-31.4,28.59488
"$GPGGA","2015-08-04 08:27:19",33.96613,"N",-83.395425,"W","1",6,1.34,247.3,-31.4,25.002
"$GPGGA","2015-08-04 08:27:20",33.9661183333333,"N",-83.395355,"W","1",6,1.34,247.7,-31.4,25.03904
"$GPGGA","2015-08-04 08:27:21",33.9661133333333,"N",-83.3952816666667,"W","1",6,1.33,248.1,-31.4,23.9834
"$GPGGA","2015-08-04 08:27:22",33.9661133333333,"N",-83.3952016666667,"W","1",6,1.34,248.6,-31.4,24.65012
"$GPGGA","2015-08-04 08:27:23",33.9661133333333,"N",-83.3951216666667,"W","1",6,1.33,248.9,-31.4,27.16884
"$GPGGA","2015-08-04 08:27:24",33.9661116666667,"N",-83.3950416666666,"W","1",6,1.33,249.3,-31.4,27.18736
"$GPGGA","2015-08-04 08:27:25",33.9661083333333,"N",-83.3949666666667,"W","1",6,1.33,249.7,-31.4,26.0206
"$GPGGA","2015-08-04 08:27:26",33.9661033333333,"N",-83.3948933333333,"W","1",6,1.33,250.3,-31.4,25.63168
"$GPGGA","2015-08-04 08:27:27",33.9661016666667,"N",-83.394815,"W","1",6,1.33,250.8,-31.4,25.7428
"$GPGGA","2015-08-04 08:27:28",33.966095,"N",-83.3947416666666,"W","1",6,1.33,251.3,-31.4,26.26136
"$GPGGA","2015-08-04 08:27:29",33.9660883333333,"N",-83.394665,"W","1",6,1.33,251.9,-31.4,26.2058
"$GPGGA","2015-08-04 08:27:30",33.9660833333333,"N",-83.394585,"W","1",6,1.33,252.4,-31.4,27.07624
"$GPGGA","2015-08-04 08:27:31",33.9660766666667,"N",-83.3945083333333,"W","1",6,1.33,252.8,-31.4,27.20588
"$GPGGA","2015-08-04 08:27:32",33.966065,"N",-83.394435,"W","1",6,1.33,253.2,-31.4,26.42804
"$GPGGA","2015-08-04 08:27:33",33.9660516666667,"N",-83.3943633333333,"W","1",5,1.71,253.5,-31.4,27.79852
"$GPGGA","2015-08-04 08:27:34",33.9660416666667,"N",-83.3942866666667,"W","1",6,1.33,253.7,-31.4,29.13196
"$GPGGA","2015-08-04 08:27:35",33.9660266666667,"N",-83.3942183333333,"W","1",6,1.33,253.8,-31.4,29.0764
"$GPGGA","2015-08-04 08:27:36",33.9660183333333,"N",-83.3941333333333,"W","1",6,1.33,254,-31.4,30.15056
"$GPGGA","2015-08-04 08:27:37",33.96601,"N",-83.3940483333333,"W","1",6,1.33,254.1,-31.4,30.7432
"$GPGGA","2015-08-04 08:27:38",33.966,"N",-83.3939633333333,"W","1",6,1.33,254.3,-31.4,29.33568
"$GPGGA","2015-08-04 08:27:39",33.9659866666667,"N",-83.3938766666667,"W","1",6,1.33,254.3,-31.4,28.72452
"$GPGGA","2015-08-04 08:27:40",33.9659766666667,"N",-83.393785,"W","1",6,1.33,254.5,-31.4,29.33568
"$GPGGA","2015-08-04 08:27:41",33.9659666666667,"N",-83.3936916666666,"W","1",6,1.33,254.6,-31.4,30.98396
"$GPGGA","2015-08-04 08:27:42",33.9659583333333,"N",-83.39359,"W","1",6,1.34,254.7,-31.4,32.02108
"$GPGGA","2015-08-04 08:27:43",33.9659516666667,"N",-83.39349,"W","1",6,1.33,254.7,-31.4,33.74344
"$GPGGA","2015-08-04 08:27:44",33.96594,"N",-83.3934083333333,"W","1",6,1.33,254.5,-31.4,30.39132
"$GPGGA","2015-08-04 08:27:45",33.965935,"N",-83.393335,"W","1",6,1.33,254.5,-31.4,24.50196
"$GPGGA","2015-08-04 08:27:46",33.96593,"N",-83.3932733333334,"W","1",6,1.33,254.6,-31.4,22.4092
"$GPGGA","2015-08-04 08:27:47",33.9659216666667,"N",-83.39323,"W","1",6,1.33,254.5,-31.4,18.39036
"$GPGGA","2015-08-04 08:27:48",33.9659133333333,"N",-83.3932066666667,"W","1",6,1.33,254.3,-31.4,13.26032
"$GPGGA","2015-08-04 08:27:49",33.9659033333333,"N",-83.3931966666667,"W","1",6,1.33,254.2,-31.4,7.66728
"$GPGGA","2015-08-04 08:27:50",33.9658983333333,"N",-83.3931916666667,"W","1",6,1.33,254.2,-31.4,5.72268
"$GPGGA","2015-08-04 08:27:51",33.9658966666667,"N",-83.3931866666667,"W","1",6,1.33,254.3,-31.4,3.25952
"$GPGGA","2015-08-04 08:27:52",33.9658933333333,"N",-83.3931883333333,"W","1",6,1.33,254.3,-31.4,0.12964
"$GPGGA","2015-08-04 08:27:53",33.965895,"N",-83.3931866666667,"W","1",6,1.33,254.3,-31.4,0.11112
"$GPGGA","2015-08-04 08:27:54",33.9658966666667,"N",-83.3931833333333,"W","1",6,1.33,254.5,-31.4,0.12964
"$GPGGA","2015-08-04 08:27:55",33.9658966666667,"N",-83.39318,"W","1",6,1.33,254.8,-31.4,0.0926
"$GPGGA","2015-08-04 08:27:56",33.9658966666667,"N",-83.39318,"W","1",7,1.09,255,-31.4,0.01852
"$GPGGA","2015-08-04 08:27:57",33.9658966666667,"N",-83.39318,"W","1",7,1.15,255,-31.4,0
"$GPGGA","2015-08-04 08:27:58",33.9658966666667,"N",-83.39318,"W","1",7,1.15,255,-31.4,0
"$GPGGA","2015-08-04 08:27:59",33.9658966666667,"N",-83.393175,"W","1",7,1.09,254.9,-31.4,0
"$GPGGA","2015-08-04 08:28:00",33.965895,"N",-83.3931683333333,"W","1",7,1.09,255,-31.4,0.24076
"$GPGGA","2015-08-04 08:28:01",33.96588,"N",-83.3931283333333,"W","1",7,1.09,254.7,-31.4,0.44448
"$GPGGA","2015-08-04 08:28:02",33.965855,"N",-83.39307,"W","1",7,1.15,254.3,-31.4,18.8904
"$GPGGA","2015-08-04 08:28:03",33.9658183333333,"N",-83.3930066666667,"W","1",7,1.15,254,-31.4,24.20564
"$GPGGA","2015-08-04 08:28:04",33.9658033333333,"N",-83.392925,"W","1",7,1.15,253.6,-31.4,27.37256
"$GPGGA","2015-08-04 08:28:05",33.9657866666667,"N",-83.3928233333334,"W","1",7,1.09,253.2,-31.4,29.42828
"$GPGGA","2015-08-04 08:28:06",33.9657766666667,"N",-83.3927166666667,"W","1",7,1.15,252.8,-31.4,32.28036
"$GPGGA","2015-08-04 08:28:07",33.96577,"N",-83.39261,"W","1",7,1.09,252.3,-31.4,32.41
"$GPGGA","2015-08-04 08:28:08",33.9657616666667,"N",-83.3925033333333,"W","1",6,1.22,252,-31.4,33.11376
"$GPGGA","2015-08-04 08:28:09",33.965755,"N",-83.39239,"W","1",5,1.86,251.1,-31.4,34.13236
"$GPGGA","2015-08-04 08:28:10",33.96575,"N",-83.3922766666667,"W","1",7,1.09,250.7,-31.4,35.05836
"$GPGGA","2015-08-04 08:28:11",33.965745,"N",-83.39216,"W","1",6,1.22,250.3,-31.4,37.70672
"$GPGGA","2015-08-04 08:28:12",33.9657433333333,"N",-83.3920416666666,"W","1",7,1.09,249.8,-31.4,39.15128
"$GPGGA","2015-08-04 08:28:13",33.9657416666667,"N",-83.3919233333334,"W","1",7,1.09,249.2,-31.4,40.24396
"$GPGGA","2015-08-04 08:28:14",33.9657366666667,"N",-83.3918133333333,"W","1",7,1.09,248.7,-31.4,38.76236
"$GPGGA","2015-08-04 08:28:15",33.96573,"N",-83.3917016666667,"W","1",7,1.09,248.2,-31.4,37.28076
"$GPGGA","2015-08-04 08:28:16",33.9657233333333,"N",-83.3915916666667,"W","1",7,1.09,247.6,-31.4,37.37336
"$GPGGA","2015-08-04 08:28:17",33.9657183333333,"N",-83.3914816666667,"W","1",7,1.09,247.1,-31.4,36.2066
"$GPGGA","2015-08-04 08:28:18",33.9657133333333,"N",-83.3913733333333,"W","1",7,1.09,246.6,-31.4,36.2992
"$GPGGA","2015-08-04 08:28:19",33.9657083333333,"N",-83.39127,"W","1",7,1.09,246.1,-31.4,36.31772
"$GPGGA","2015-08-04 08:28:20",33.9656966666667,"N",-83.3911583333333,"W","1",7,1.09,245.7,-31.4,36.00288
"$GPGGA","2015-08-04 08:28:21",33.96569,"N",-83.3910333333333,"W","1",7,1.09,245.1,-31.4,40.744
"$GPGGA","2015-08-04 08:28:22",33.9656833333333,"N",-83.3909066666667,"W","1",7,1.09,244.5,-31.4,45.63328
"$GPGGA","2015-08-04 08:28:23",33.96568,"N",-83.390795,"W","1",7,1.09,243.9,-31.4,44.50356
"$GPGGA","2015-08-04 08:28:24",33.9656783333333,"N",-83.3906766666666,"W","1",7,1.09,243.2,-31.4,42.09596
"$GPGGA","2015-08-04 08:28:25",33.9656783333333,"N",-83.3905716666667,"W","1",7,1.09,242.5,-31.4,39.68836
"$GPGGA","2015-08-04 08:28:26",33.9656816666667,"N",-83.3904716666667,"W","1",7,1.09,241.8,-31.4,36.18808
"$GPGGA","2015-08-04 08:28:27",33.9656833333333,"N",-83.3903783333333,"W","1",7,1.09,240.9,-31.4,34.11384
"$GPGGA","2015-08-04 08:28:28",33.96568,"N",-83.390285,"W","1",7,1.09,240.2,-31.4,32.52112
"$GPGGA","2015-08-04 08:28:29",33.9656766666667,"N",-83.3901983333333,"W","1",7,1.09,239.6,-31.4,31.35436
"$GPGGA","2015-08-04 08:28:30",33.9656683333333,"N",-83.3901166666666,"W","1",7,1.09,238.9,-31.4,29.78016
"$GPGGA","2015-08-04 08:28:31",33.9656683333333,"N",-83.3900283333333,"W","1",7,1.09,238.2,-31.4,29.33568
"$GPGGA","2015-08-04 08:28:32",33.9656683333333,"N",-83.3899366666667,"W","1",7,1.09,237.3,-31.4,29.2616
"$GPGGA","2015-08-04 08:28:33",33.96567,"N",-83.389845,"W","1",7,1.09,236.4,-31.4,27.98372
"$GPGGA","2015-08-04 08:28:34",33.9656633333333,"N",-83.3897533333334,"W","1",7,1.09,235.7,-31.4,28.28004
"$GPGGA","2015-08-04 08:28:35",33.9656433333333,"N",-83.3896716666667,"W","1",7,1.09,235,-31.4,28.9838
"$GPGGA","2015-08-04 08:28:36",33.9656233333333,"N",-83.3895883333333,"W","1",7,1.09,234.3,-31.4,29.03936
"$GPGGA","2015-08-04 08:28:37",33.9656133333333,"N",-83.3894983333333,"W","1",7,1.09,233.6,-31.4,29.18752
"$GPGGA","2015-08-04 08:28:38",33.9656,"N",-83.3894216666666,"W","1",7,1.09,232.8,-31.4,28.31708
"$GPGGA","2015-08-04 08:28:39",33.9656,"N",-83.3893266666666,"W","1",7,1.09,231.8,-31.4,28.22448
"$GPGGA","2015-08-04 08:28:40",33.9655983333333,"N",-83.38924,"W","1",7,1.09,231.1,-31.4,27.4096
"$GPGGA","2015-08-04 08:28:41",33.9655933333333,"N",-83.389155,"W","1",7,1.09,230.5,-31.4,26.854
"$GPGGA","2015-08-04 08:28:42",33.9655916666667,"N",-83.3890783333333,"W","1",7,1.09,229.9,-31.4,26.83548
"$GPGGA","2015-08-04 08:28:43",33.965585,"N",-83.3890033333333,"W","1",7,1.09,229.5,-31.4,26.72436
"$GPGGA","2015-08-04 08:28:44",33.9655766666667,"N",-83.3889266666667,"W","1",7,1.09,229.2,-31.4,25.90948
"$GPGGA","2015-08-04 08:28:45",33.9655716666667,"N",-83.3888433333333,"W","1",7,1.09,228.8,-31.4,27.48368
"$GPGGA","2015-08-04 08:28:46",33.9655666666667,"N",-83.3887633333333,"W","1",6,1.32,228.3,-31.4,28.81712
"$GPGGA","2015-08-04 08:28:47",33.9655566666667,"N",-83.3886883333333,"W","1",6,1.32,228,-31.4,27.53924
"$GPGGA","2015-08-04 08:28:48",33.9655416666667,"N",-83.3886233333333,"W","1",6,1.32,227.8,-31.4,26.6688
"$GPGGA","2015-08-04 08:28:49",33.9655283333333,"N",-83.388555,"W","1",6,1.32,227.5,-31.4,25.13164
"$GPGGA","2015-08-04 08:28:50",33.9655166666667,"N",-83.3884916666667,"W","1",6,1.32,227.2,-31.4,24.33528
"$GPGGA","2015-08-04 08:28:51",33.9655016666667,"N",-83.3884316666667,"W","2",6,1.32,226.8,-31.4,24.31676
"$GPGGA","2015-08-04 08:28:52",33.9655033333333,"N",-83.38835,"W","2",7,1.09,226.8,-31.4,23.85376
"$GPGGA","2015-08-04 08:28:53",33.9655016666667,"N",-83.3882716666667,"W","2",7,1.09,226.6,-31.4,25.16868
"$GPGGA","2015-08-04 08:28:54",33.9654983333333,"N",-83.3882,"W","2",7,1.09,226.3,-31.4,24.70568
"$GPGGA","2015-08-04 08:28:55",33.965495,"N",-83.38813,"W","2",7,1.09,226,-31.4,23.72412
"$GPGGA","2015-08-04 08:28:56",33.96549,"N",-83.3880683333334,"W","2",7,1.09,225.7,-31.4,23.81672
"$GPGGA","2015-08-04 08:28:57",33.9654833333333,"N",-83.388,"W","2",7,1.09,225.3,-31.4,24.539
"$GPGGA","2015-08-04 08:28:58",33.9654766666667,"N",-83.3879316666667,"W","2",7,1.09,225,-31.4,24.94644
"$GPGGA","2015-08-04 08:28:59",33.96547,"N",-83.3878633333333,"W","2",7,1.09,224.7,-31.4,24.31676
"$GPGGA","2015-08-04 08:29:00",33.9654616666667,"N",-83.3877983333333,"W","2",6,1.32,224.3,-31.4,23.81672
"$GPGGA","2015-08-04 08:29:01",33.965455,"N",-83.3877316666667,"W","2",7,1.09,224,-31.4,23.18704
"$GPGGA","2015-08-04 08:29:02",33.9654483333333,"N",-83.3876683333333,"W","2",7,1.09,223.7,-31.4,23.20556
"$GPGGA","2015-08-04 08:29:03",33.9654416666667,"N",-83.3876016666667,"W","2",7,1.09,223.6,-31.4,23.20556
"$GPGGA","2015-08-04 08:29:04",33.9654366666667,"N",-83.387535,"W","2",7,1.09,223.4,-31.4,23.81672
"$GPGGA","2015-08-04 08:29:05",33.965425,"N",-83.3874883333333,"W","2",7,1.09,223.4,-31.4,24.74272
"$GPGGA","2015-08-04 08:29:06",33.9654216666667,"N",-83.38742,"W","2",7,1.09,223.4,-31.4,23.72412
"$GPGGA","2015-08-04 08:29:07",33.9654166666667,"N",-83.3873566666667,"W","2",7,1.09,223.3,-31.4,23.59448
"$GPGGA","2015-08-04 08:29:08",33.9654116666667,"N",-83.3872933333333,"W","2",7,1.09,223.1,-31.4,22.85368
"$GPGGA","2015-08-04 08:29:09",33.9654166666667,"N",-83.3872233333333,"W","2",7,1.09,223.1,-31.4,22.16844
"$GPGGA","2015-08-04 08:29:10",33.9654133333333,"N",-83.3871566666667,"W","2",7,1.09,223,-31.4,22.20548
"$GPGGA","2015-08-04 08:29:11",33.9654116666667,"N",-83.387095,"W","2",7,1.09,222.7,-31.4,22.9648
"$GPGGA","2015-08-04 08:29:12",33.9654066666667,"N",-83.3870366666667,"W","2",7,1.09,222.5,-31.4,21.24244
"$GPGGA","2015-08-04 08:29:13",33.9654016666667,"N",-83.38698,"W","2",7,1.09,222.3,-31.4,19.89048
"$GPGGA","2015-08-04 08:29:14",33.9653966666667,"N",-83.38692,"W","2",7,1.09,222.1,-31.4,19.98308
"$GPGGA","2015-08-04 08:29:15",33.9653983333333,"N",-83.3868516666667,"W","2",7,1.09,221.8,-31.4,20.85352
"$GPGGA","2015-08-04 08:29:16",33.965395,"N",-83.3867816666667,"W","2",7,1.09,221.3,-31.4,22.35364
"$GPGGA","2015-08-04 08:29:17",33.965395,"N",-83.3867116666667,"W","2",7,1.09,220.9,-31.4,22.70552
"$GPGGA","2015-08-04 08:29:18",33.965385,"N",-83.3866466666667,"W","2",7,1.15,220.7,-31.4,21.298
"$GPGGA","2015-08-04 08:29:19",33.9653716666667,"N",-83.3865833333333,"W","2",7,1.15,220.6,-31.4,20.6498
"$GPGGA","2015-08-04 08:29:20",33.9653616666667,"N",-83.3865166666667,"W","2",7,1.15,220.5,-31.4,21.55728
"$GPGGA","2015-08-04 08:29:21",33.9653516666667,"N",-83.38645,"W","2",7,1.09,220.5,-31.4,21.61284
"$GPGGA","2015-08-04 08:29:22",33.965345,"N",-83.3863816666667,"W","2",7,1.09,220.3,-31.4,22.224
"$GPGGA","2015-08-04 08:29:23",33.96534,"N",-83.3863133333333,"W","2",7,1.09,220.2,-31.4,22.16844
"$GPGGA","2015-08-04 08:29:24",33.9653333333333,"N",-83.386245,"W","2",7,1.09,220.1,-31.4,22.89072
"$GPGGA","2015-08-04 08:29:25",33.965335,"N",-83.38617,"W","2",7,1.09,220.3,-31.4,22.7796
"$GPGGA","2015-08-04 08:29:26",33.96533,"N",-83.386105,"W","2",7,1.09,220.1,-31.4,23.31668
"$GPGGA","2015-08-04 08:29:27",33.9653233333333,"N",-83.3860383333333,"W","2",7,1.09,220.2,-31.4,21.87212
"$GPGGA","2015-08-04 08:29:28",33.9653133333333,"N",-83.385975,"W","2",7,1.09,220.3,-31.4,21.44616
"$GPGGA","2015-08-04 08:29:29",33.9653033333333,"N",-83.3859166666667,"W","2",6,1.33,220.3,-31.4,20.89056
"$GPGGA","2015-08-04 08:29:30",33.9652966666667,"N",-83.3858566666667,"W","2",7,1.09,220.1,-31.4,20.79796
"$GPGGA","2015-08-04 08:29:31",33.9653,"N",-83.3857866666667,"W","2",7,1.09,220,-31.4,22.33512
"$GPGGA","2015-08-04 08:29:32",33.9652966666667,"N",-83.385725,"W","2",7,1.09,220.1,-31.4,23.46484
"$GPGGA","2015-08-04 08:29:33",33.9652966666667,"N",-83.3856666666667,"W","2",7,1.09,220,-31.4,21.89064
"$GPGGA","2015-08-04 08:29:34",33.965295,"N",-83.3856116666666,"W","2",7,1.09,219.9,-31.4,20.13124
"$GPGGA","2015-08-04 08:29:35",33.9652883333333,"N",-83.385565,"W","2",7,1.09,219.9,-31.4,19.42748
"$GPGGA","2015-08-04 08:29:36",33.9652766666667,"N",-83.3855333333333,"W","2",7,1.09,220.1,-31.4,16.55688
"$GPGGA","2015-08-04 08:29:37",33.9652666666667,"N",-83.3855116666667,"W","2",7,1.09,220,-31.4,13.427
"$GPGGA","2015-08-04 08:29:38",33.9652716666667,"N",-83.38548,"W","2",7,1.09,220.1,-31.4,10.11192
"$GPGGA","2015-08-04 08:29:39",33.9652716666667,"N",-83.3854716666667,"W","2",7,1.09,220.3,-31.4,5.35228
"$GPGGA","2015-08-04 08:29:40",33.9652716666667,"N",-83.3854616666667,"W","2",7,1.09,220.5,-31.4,0.29632
"$GPGGA","2015-08-04 08:29:41",33.965265,"N",-83.38546,"W","2",7,1.09,220.8,-31.4,0.25928
"$GPGGA","2015-08-04 08:29:42",33.96526,"N",-83.3854533333333,"W","2",7,1.09,221,-31.4,0.2778
"$GPGGA","2015-08-04 08:29:43",33.96526,"N",-83.385445,"W","2",7,1.09,220.7,-31.4,0.2778
"$GPGGA","2015-08-04 08:29:44",33.9652616666667,"N",-83.3854383333333,"W","2",7,1.09,220.4,-31.4,0.25928
"$GPGGA","2015-08-04 08:29:45",33.9652633333333,"N",-83.3854333333333,"W","2",7,1.09,220.2,-31.4,0.1852
"$GPGGA","2015-08-04 08:29:46",33.965265,"N",-83.38543,"W","2",7,1.09,219.9,-31.4,0.12964
"$GPGGA","2015-08-04 08:29:47",33.965265,"N",-83.3854266666666,"W","2",7,1.09,219.6,-31.4,0.12964
"$GPGGA","2015-08-04 08:29:48",33.9652666666667,"N",-83.3854233333333,"W","2",6,1.33,219.3,-31.4,0.14816
"$GPGGA","2015-08-04 08:29:49",33.9652666666667,"N",-83.3854166666667,"W","2",7,1.09,219,-31.4,0.1852
"$GPGGA","2015-08-04 08:29:50",33.9652666666667,"N",-83.3854116666667,"W","2",7,1.09,218.7,-31.4,1.77792
"$GPGGA","2015-08-04 08:29:51",33.9652666666667,"N",-83.3854066666667,"W","2",7,1.09,218.5,-31.4,1.7594
"$GPGGA","2015-08-04 08:29:52",33.9652533333333,"N",-83.3854116666667,"W","2",7,1.09,218.6,-31.4,3.66696
"$GPGGA","2015-08-04 08:29:53",33.9652266666667,"N",-83.3853983333333,"W","2",7,1.09,218.5,-31.4,3.6114
"$GPGGA","2015-08-04 08:29:54",33.9651833333333,"N",-83.3853683333333,"W","2",7,1.09,218.4,-31.4,17.57548
"$GPGGA","2015-08-04 08:29:55",33.9651316666667,"N",-83.38534,"W","2",7,1.09,218,-31.4,21.5758
"$GPGGA","2015-08-04 08:29:56",33.9650633333333,"N",-83.385325,"W","2",6,1.33,217.7,-31.4,22.9648
"$GPGGA","2015-08-04 08:29:57",33.96499,"N",-83.3853,"W","2",7,1.09,217.3,-31.4,26.27988
"$GPGGA","2015-08-04 08:29:58",33.9649116666667,"N",-83.3852816666667,"W","2",7,1.09,216.9,-31.4,29.4468
"$GPGGA","2015-08-04 08:29:59",33.96483,"N",-83.385255,"W","2",7,1.09,216.5,-31.4,31.37288
"$GPGGA","2015-08-04 08:30:00",33.9647483333333,"N",-83.3852266666667,"W","2",7,1.09,216.2,-31.4,32.2248
"$GPGGA","2015-08-04 08:30:01",33.96466,"N",-83.385195,"W","2",6,1.33,215.7,-31.4,32.92856
"$GPGGA","2015-08-04 08:30:02",33.96457,"N",-83.385165,"W","2",7,1.09,215.4,-31.4,34.92872
"$GPGGA","2015-08-04 08:30:03",33.9644766666667,"N",-83.385135,"W","2",6,1.33,215,-31.4,36.96592
"$GPGGA","2015-08-04 08:30:04",33.9643833333333,"N",-83.3851066666667,"W","2",7,1.09,214.6,-31.4,37.6882
"$GPGGA","2015-08-04 08:30:05",33.9642883333333,"N",-83.3850766666667,"W","2",7,1.09,214.2,-31.4,38.35492
"$GPGGA","2015-08-04 08:30:06",33.9641933333333,"N",-83.3850433333333,"W","2",7,1.09,213.7,-31.4,38.22528
"$GPGGA","2015-08-04 08:30:07",33.9640833333333,"N",-83.38502,"W","2",6,1.33,213.6,-31.4,38.3364
"$GPGGA","2015-08-04 08:30:08",33.9639733333333,"N",-83.384985,"W","2",6,1.33,213.4,-31.4,38.87348
"$GPGGA","2015-08-04 08:30:09",33.96387,"N",-83.38495,"W","2",7,1.09,213.1,-31.4,40.85512
"$GPGGA","2015-08-04 08:30:10",33.963765,"N",-83.3849183333333,"W","2",6,1.33,212.8,-31.4,42.11448
"$GPGGA","2015-08-04 08:30:11",33.96366,"N",-83.3848866666667,"W","2",6,1.33,212.6,-31.4,42.20708
"$GPGGA","2015-08-04 08:30:12",33.963555,"N",-83.3848516666666,"W","2",6,1.33,212.2,-31.4,42.2256
"$GPGGA","2015-08-04 08:30:13",33.9634483333333,"N",-83.384815,"W","2",6,1.33,211.9,-31.4,42.55896
"$GPGGA","2015-08-04 08:30:14",33.963345,"N",-83.3847816666667,"W","2",6,1.33,211.6,-31.4,43.28124
"$GPGGA","2015-08-04 08:30:15",33.96324,"N",-83.3847483333333,"W","2",6,1.33,211.2,-31.4,43.13308
"$GPGGA","2015-08-04 08:30:16",33.9631333333333,"N",-83.38471,"W","2",7,1.09,210.9,-31.4,43.48496
"$GPGGA","2015-08-04 08:30:17",33.9630283333333,"N",-83.3846716666667,"W","2",6,1.33,210.6,-31.4,43.44792
"$GPGGA","2015-08-04 08:30:18",33.9629183333333,"N",-83.3846433333333,"W","2",6,1.33,210.2,-31.4,42.28116
"$GPGGA","2015-08-04 08:30:19",33.9628216666667,"N",-83.3846133333333,"W","2",6,1.33,209.8,-31.4,42.24412
"$GPGGA","2015-08-04 08:30:20",33.9627266666667,"N",-83.3845766666667,"W","2",6,1.33,209.5,-31.4,39.70688
"$GPGGA","2015-08-04 08:30:21",33.96263,"N",-83.3845366666667,"W","2",7,1.09,209.1,-31.4,38.429
"$GPGGA","2015-08-04 08:30:22",33.9625233333333,"N",-83.3845116666667,"W","2",7,1.09,208.8,-31.4,40.63288
"$GPGGA","2015-08-04 08:30:23",33.9624066666667,"N",-83.38447,"W","2",6,1.33,208.8,-31.4,41.00328
"$GPGGA","2015-08-04 08:30:24",33.9623,"N",-83.3844383333333,"W","2",6,1.33,208.4,-31.4,41.89224
"$GPGGA","2015-08-04 08:30:25",33.962195,"N",-83.38442,"W","2",7,1.09,207.9,-31.4,40.68844
"$GPGGA","2015-08-04 08:30:26",33.96209,"N",-83.384395,"W","2",6,1.33,207.7,-31.4,40.6514
"$GPGGA","2015-08-04 08:30:27",33.96199,"N",-83.384395,"W","2",6,1.33,208.1,-31.4,40.05876
"$GPGGA","2015-08-04 08:30:28",33.9618833333333,"N",-83.3843683333333,"W","2",6,1.33,208.1,-31.4,40.11432
"$GPGGA","2015-08-04 08:30:29",33.9617783333333,"N",-83.3843483333333,"W","2",6,1.33,207.9,-31.4,40.24396
"$GPGGA","2015-08-04 08:30:30",33.961675,"N",-83.3843316666667,"W","2",6,1.33,207.7,-31.4,39.85504
"$GPGGA","2015-08-04 08:30:31",33.9615783333333,"N",-83.384305,"W","2",7,1.09,207.7,-31.4,39.29944
"$GPGGA","2015-08-04 08:30:32",33.9614833333333,"N",-83.3842833333333,"W","2",7,1.09,208,-31.4,38.28084
"$GPGGA","2015-08-04 08:30:33",33.9613933333333,"N",-83.384265,"W","2",7,1.09,208.5,-31.4,36.92888
"$GPGGA","2015-08-04 08:30:34",33.9613083333333,"N",-83.3842466666667,"W","2",7,1.09,208.8,-31.4,36.35476
"$GPGGA","2015-08-04 08:30:35",33.9612266666667,"N",-83.3842283333333,"W","2",7,1.09,209.2,-31.4,34.4472
"$GPGGA","2015-08-04 08:30:36",33.96115,"N",-83.3842116666667,"W","2",7,1.09,209.5,-31.4,32.7804
"$GPGGA","2015-08-04 08:30:37",33.96108,"N",-83.3841983333333,"W","2",7,1.16,209.6,-31.4,29.74312
"$GPGGA","2015-08-04 08:30:38",33.9610216666667,"N",-83.38418,"W","2",7,1.16,209.9,-31.4,26.52064
"$GPGGA","2015-08-04 08:30:39",33.9609766666667,"N",-83.38417,"W","2",7,1.09,210.1,-31.4,21.4832
"$GPGGA","2015-08-04 08:30:40",33.9609466666667,"N",-83.3841666666667,"W","2",7,1.16,210.5,-31.4,16.14944
"$GPGGA","2015-08-04 08:30:41",33.9609316666667,"N",-83.3841666666667,"W","2",7,1.09,211.1,-31.4,8.92664
"$GPGGA","2015-08-04 08:30:42",33.960925,"N",-83.3841633333333,"W","2",7,1.09,211.6,-31.4,5.94492
"$GPGGA","2015-08-04 08:30:43",33.9609216666667,"N",-83.3841716666667,"W","2",7,1.09,212.3,-31.4,0.33336
"$GPGGA","2015-08-04 08:30:44",33.9609233333333,"N",-83.3841833333333,"W","2",7,1.16,213,-31.4,0.01852
"$GPGGA","2015-08-04 08:30:45",33.9609166666667,"N",-83.38419,"W","2",7,1.09,215,-31.4,0.05556
"$GPGGA","2015-08-04 08:30:46",33.960915,"N",-83.3841883333333,"W","2",7,1.09,214.9,-31.4,0.11112
"$GPGGA","2015-08-04 08:30:47",33.96091,"N",-83.3841883333333,"W","2",7,1.09,214.8,-31.4,0.16668
"$GPGGA","2015-08-04 08:30:48",33.9609083333333,"N",-83.3841883333333,"W","2",7,1.09,214.8,-31.4,0.0926
"$GPGGA","2015-08-04 08:30:49",33.9609083333333,"N",-83.3841883333333,"W","2",7,1.09,214.8,-31.4,0.01852
"$GPGGA","2015-08-04 08:30:50",33.9609083333333,"N",-83.3841883333333,"W","2",7,1.09,214.9,-31.4,0.03704
"$GPGGA","2015-08-04 08:30:51",33.9609083333333,"N",-83.3841866666667,"W","2",7,1.09,214.9,-31.4,0.01852
"$GPGGA","2015-08-04 08:30:52",33.9609083333333,"N",-83.3841866666667,"W","2",7,1.09,214.9,-31.4,0
"$GPGGA","2015-08-04 08:30:53",33.9609083333333,"N",-83.3841866666667,"W","2",7,1.09,214.9,-31.4,0.01852
"$GPGGA","2015-08-04 08:30:54",33.9609066666667,"N",-83.3841883333333,"W","2",7,1.09,214.9,-31.4,0.01852
"$GPGGA","2015-08-04 08:30:55",33.9609066666667,"N",-83.3841883333333,"W","2",7,1.09,214.9,-31.4,0
"$GPGGA","2015-08-04 08:30:56",33.9609066666667,"N",-83.3841883333333,"W","2",8,1,215,-31.4,0
"$GPGGA","2015-08-04 08:30:57",33.9609066666667,"N",-83.3841883333333,"W","2",8,1,215,-31.4,0
"$GPGGA","2015-08-04 08:30:58",33.9609066666667,"N",-83.3841883333333,"W","2",8,1.04,215,-31.4,0
"$GPGGA","2015-08-04 08:30:59",33.9609066666667,"N",-83.3841883333333,"W","2",8,1,215.2,-31.4,0.01852
"$GPGGA","2015-08-04 08:31:00",33.960905,"N",-83.3841933333333,"W","2",8,1,215.4,-31.4,1.92608
"$GPGGA","2015-08-04 08:31:01",33.960905,"N",-83.3841933333333,"W","2",8,1.04,215.4,-31.4,0
"$GPGGA","2015-08-04 08:31:02",33.960905,"N",-83.3841933333333,"W","2",9,0.87,215.5,-31.4,0
"$GPGGA","2015-08-04 08:31:03",33.960905,"N",-83.3841933333333,"W","2",9,0.86,215.4,-31.4,0
"$GPGGA","2015-08-04 08:31:04",33.960905,"N",-83.3841933333333,"W","2",9,0.86,215.4,-31.4,0.01852
"$GPGGA","2015-08-04 08:31:05",33.9609033333333,"N",-83.3841916666667,"W","2",9,0.86,215.4,-31.4,0.03704
"$GPGGA","2015-08-04 08:31:06",33.9609033333333,"N",-83.3841916666667,"W","2",9,0.86,215.3,-31.4,0.01852
"$GPGGA","2015-08-04 08:31:07",33.9609016666667,"N",-83.38419,"W","2",9,0.86,215.3,-31.4,0.07408
"$GPGGA","2015-08-04 08:31:08",33.9609,"N",-83.38419,"W","2",9,0.86,215.3,-31.4,0.12964
"$GPGGA","2015-08-04 08:31:09",33.960895,"N",-83.38419,"W","2",9,0.86,215.3,-31.4,0.12964
"$GPGGA","2015-08-04 08:31:10",33.9608916666667,"N",-83.38419,"W","2",9,0.86,215.4,-31.4,0.14816
"$GPGGA","2015-08-04 08:31:11",33.9608883333333,"N",-83.38419,"W","2",9,0.86,215.4,-31.4,1.55568
"$GPGGA","2015-08-04 08:31:12",33.9608766666667,"N",-83.38419,"W","2",9,0.86,215.6,-31.4,3.7966
"$GPGGA","2015-08-04 08:31:13",33.96086,"N",-83.38419,"W","2",9,0.86,215.8,-31.4,5.3708
"$GPGGA","2015-08-04 08:31:14",33.9608416666667,"N",-83.38419,"W","2",9,0.86,216,-31.4,5.9264
"$GPGGA","2015-08-04 08:31:15",33.9608183333333,"N",-83.38419,"W","2",9,0.87,216.1,-31.4,7.5006
"$GPGGA","2015-08-04 08:31:16",33.9607866666667,"N",-83.3841866666667,"W","2",9,0.87,216.4,-31.4,10.53788
"$GPGGA","2015-08-04 08:31:17",33.96075,"N",-83.384185,"W","2",9,0.87,216.7,-31.4,12.88992
"$GPGGA","2015-08-04 08:31:18",33.96071,"N",-83.3841816666667,"W","2",9,0.87,216.9,-31.4,14.59376
"$GPGGA","2015-08-04 08:31:19",33.9606666666667,"N",-83.3841766666667,"W","2",9,0.87,217.3,-31.4,15.85312
"$GPGGA","2015-08-04 08:31:20",33.96062,"N",-83.38416,"W","2",9,0.87,218.1,-31.4,16.2976
"$GPGGA","2015-08-04 08:31:21",33.9605733333333,"N",-83.3841216666667,"W","2",9,0.87,218.6,-31.4,19.98308
"$GPGGA","2015-08-04 08:31:22",33.9605316666667,"N",-83.3840666666667,"W","2",9,0.87,218.9,-31.4,23.18704
"$GPGGA","2015-08-04 08:31:23",33.96049,"N",-83.3839983333333,"W","2",9,0.86,219.3,-31.4,25.96504
"$GPGGA","2015-08-04 08:31:24",33.9604533333333,"N",-83.3839166666667,"W","2",9,0.86,219.5,-31.4,28.78008
"$GPGGA","2015-08-04 08:31:25",33.9604216666667,"N",-83.383825,"W","2",9,0.86,219.8,-31.4,32.0396
"$GPGGA","2015-08-04 08:31:26",33.9603966666667,"N",-83.383725,"W","2",9,0.87,220,-31.4,33.78048
"$GPGGA","2015-08-04 08:31:27",33.960375,"N",-83.3836166666667,"W","2",9,0.86,220.2,-31.4,35.57692
"$GPGGA","2015-08-04 08:31:28",33.9603583333333,"N",-83.3835,"W","2",9,0.87,220.3,-31.4,37.37336
"$GPGGA","2015-08-04 08:31:29",33.96034,"N",-83.3833833333333,"W","2",9,0.87,220.8,-31.4,38.5216
"$GPGGA","2015-08-04 08:31:30",33.9603183333333,"N",-83.3832716666667,"W","2",9,0.86,221.5,-31.4,36.07696
"$GPGGA","2015-08-04 08:31:31",33.9603016666667,"N",-83.38316,"W","2",9,0.86,222.2,-31.4,34.9102
"$GPGGA","2015-08-04 08:31:32",33.9602816666667,"N",-83.3830433333333,"W","2",9,0.86,222.7,-31.4,39.79948
"$GPGGA","2015-08-04 08:31:33",33.9602616666667,"N",-83.3829183333333,"W","2",9,0.86,222.9,-31.4,42.42932
"$GPGGA","2015-08-04 08:31:34",33.96024,"N",-83.3827966666667,"W","2",9,0.87,223.2,-31.4,40.91068
"$GPGGA","2015-08-04 08:31:35",33.9602183333333,"N",-83.38268,"W","2",9,0.86,223.5,-31.4,38.26232
"$GPGGA","2015-08-04 08:31:36",33.9602,"N",-83.3825633333333,"W","2",9,0.86,223.9,-31.4,37.05852
"$GPGGA","2015-08-04 08:31:37",33.9601783333333,"N",-83.3824466666667,"W","2",9,0.87,224,-31.4,38.13268
"$GPGGA","2015-08-04 08:31:38",33.96016,"N",-83.3823283333333,"W","2",9,0.87,223.6,-31.4,41.52184
"$GPGGA","2015-08-04 08:31:39",33.9601466666667,"N",-83.3822,"W","2",9,0.86,223.1,-31.4,43.985
"$GPGGA","2015-08-04 08:31:40",33.9601333333333,"N",-83.3820666666667,"W","2",9,0.87,222.7,-31.4,44.65172
"$GPGGA","2015-08-04 08:31:41",33.9601216666667,"N",-83.3819366666667,"W","2",9,0.87,222.4,-31.4,43.02196
"$GPGGA","2015-08-04 08:31:42",33.96011,"N",-83.38181,"W","2",9,0.87,222.3,-31.4,41.31812
"$GPGGA","2015-08-04 08:31:43",33.9600933333333,"N",-83.3816883333333,"W","2",9,0.87,222,-31.4,40.72548
"$GPGGA","2015-08-04 08:31:44",33.96008,"N",-83.3815666666667,"W","2",9,0.87,221.6,-31.4,39.48464
"$GPGGA","2015-08-04 08:31:45",33.96007,"N",-83.3814533333333,"W","2",9,0.87,221.5,-31.4,38.11416
"$GPGGA","2015-08-04 08:31:46",33.9600583333333,"N",-83.3813466666667,"W","2",9,0.87,221.3,-31.4,35.94732
"$GPGGA","2015-08-04 08:31:47",33.9600483333333,"N",-83.38125,"W","2",9,0.87,221,-31.4,32.53964
"$GPGGA","2015-08-04 08:31:48",33.960035,"N",-83.381165,"W","2",9,0.87,220.6,-31.4,30.11352
"$GPGGA","2015-08-04 08:31:49",33.9600116666667,"N",-83.3810933333333,"W","2",9,0.87,220.1,-31.4,24.96496
"$GPGGA","2015-08-04 08:31:50",33.9599983333333,"N",-83.3810383333334,"W","2",9,0.86,220.1,-31.4,20.52016
"$GPGGA","2015-08-04 08:31:51",33.9599666666667,"N",-83.3809883333333,"W","2",9,0.86,220.1,-31.4,19.61268
"$GPGGA","2015-08-04 08:31:52",33.9599183333333,"N",-83.3809416666667,"W","2",9,0.86,219.9,-31.4,21.52024
"$GPGGA","2015-08-04 08:31:53",33.9598533333333,"N",-83.380905,"W","2",9,0.86,219.7,-31.4,25.928
"$GPGGA","2015-08-04 08:31:54",33.959785,"N",-83.38088,"W","2",9,0.87,219.9,-31.4,28.0578
"$GPGGA","2015-08-04 08:31:55",33.9597166666667,"N",-83.3808616666667,"W","2",8,1.02,220.2,-31.4,28.09484
"$GPGGA","2015-08-04 08:31:56",33.959655,"N",-83.38084,"W","2",9,0.87,220.4,-31.4,26.5762
"$GPGGA","2015-08-04 08:31:57",33.9596,"N",-83.3808116666667,"W","2",8,1.02,220.6,-31.4,24.48344
"$GPGGA","2015-08-04 08:31:58",33.95955,"N",-83.380785,"W","2",9,0.86,220.8,-31.4,22.3166
"$GPGGA","2015-08-04 08:31:59",33.9595033333333,"N",-83.3807633333333,"W","2",8,1.01,221.1,-31.4,21.13132
"$GPGGA","2015-08-04 08:32:00",33.9594616666667,"N",-83.3807483333333,"W","2",9,0.86,221.4,-31.4,19.0756
"$GPGGA","2015-08-04 08:32:01",33.9594283333333,"N",-83.38074,"W","2",9,0.86,221.8,-31.4,15.89016
"$GPGGA","2015-08-04 08:32:02",33.959405,"N",-83.3807333333333,"W","2",9,0.86,222.2,-31.4,11.90836
"$GPGGA","2015-08-04 08:32:03",33.9593983333333,"N",-83.38073,"W","2",9,0.86,222.6,-31.4,6.63016
"$GPGGA","2015-08-04 08:32:04",33.959395,"N",-83.38073,"W","2",9,0.86,223,-31.4,0.22224
"$GPGGA","2015-08-04 08:32:05",33.9593933333333,"N",-83.3807316666667,"W","2",8,1.01,222.9,-31.4,0.0926
"$GPGGA","2015-08-04 08:32:06",33.95939,"N",-83.3807316666667,"W","2",9,0.86,222.8,-31.4,0.03704
"$GPGGA","2015-08-04 08:32:07",33.9593883333333,"N",-83.3807316666667,"W","2",9,0.86,222.9,-31.4,0.07408
"$GPGGA","2015-08-04 08:32:08",33.9593866666667,"N",-83.38073,"W","2",9,0.86,223,-31.4,0.0926
"$GPGGA","2015-08-04 08:32:09",33.959385,"N",-83.3807316666667,"W","2",8,1.01,223,-31.4,0.03704
"$GPGGA","2015-08-04 08:32:10",33.9593833333333,"N",-83.3807316666667,"W","2",9,0.86,223.1,-31.4,0.03704
"$GPGGA","2015-08-04 08:32:11",33.9593766666667,"N",-83.38073,"W","2",9,0.86,223.1,-31.4,0.29632
"$GPGGA","2015-08-04 08:32:12",33.959355,"N",-83.3807216666667,"W","2",9,0.86,223.3,-31.4,6.77832
"$GPGGA","2015-08-04 08:32:13",33.959325,"N",-83.38071,"W","2",9,0.87,223.4,-31.4,10.29712
"$GPGGA","2015-08-04 08:32:14",33.9592883333333,"N",-83.3806916666667,"W","2",9,0.87,223.8,-31.4,14.00112
"$GPGGA","2015-08-04 08:32:15",33.95925,"N",-83.380665,"W","2",9,0.86,223.9,-31.4,16.7606
"$GPGGA","2015-08-04 08:32:16",33.9592116666667,"N",-83.380625,"W","2",9,0.87,224.1,-31.4,18.83484
"$GPGGA","2015-08-04 08:32:17",33.9591833333333,"N",-83.3805716666667,"W","2",9,0.86,224.5,-31.4,19.7238
"$GPGGA","2015-08-04 08:32:18",33.9591716666667,"N",-83.3805033333333,"W","2",9,0.87,224.8,-31.4,21.59432
"$GPGGA","2015-08-04 08:32:19",33.9591683333333,"N",-83.3804316666667,"W","2",9,0.86,224.9,-31.4,22.79812
"$GPGGA","2015-08-04 08:32:20",33.9591783333333,"N",-83.3803533333333,"W","2",9,0.86,225,-31.4,23.09444
"$GPGGA","2015-08-04 08:32:21",33.959195,"N",-83.3802766666667,"W","2",9,0.87,225.2,-31.4,24.52048
"$GPGGA","2015-08-04 08:32:22",33.9592183333333,"N",-83.3801966666667,"W","2",9,0.86,225.7,-31.4,25.63168
"$GPGGA","2015-08-04 08:32:23",33.9592466666667,"N",-83.3801116666667,"W","2",9,0.87,226.3,-31.4,26.65028
"$GPGGA","2015-08-04 08:32:24",33.95927,"N",-83.3800283333333,"W","2",9,0.87,226.7,-31.4,26.74288
"$GPGGA","2015-08-04 08:32:25",33.9592883333333,"N",-83.3799433333333,"W","2",9,0.87,227.2,-31.4,27.26144
"$GPGGA","2015-08-04 08:32:26",33.9593033333333,"N",-83.3798616666667,"W","2",9,0.87,227.6,-31.4,27.35404
"$GPGGA","2015-08-04 08:32:27",33.9593166666667,"N",-83.3797833333333,"W","2",9,0.87,228,-31.4,27.00216
"$GPGGA","2015-08-04 08:32:28",33.9593316666667,"N",-83.379705,"W","2",9,0.87,228.5,-31.4,27.0392
"$GPGGA","2015-08-04 08:32:29",33.9593483333333,"N",-83.3796316666667,"W","2",9,0.87,228.8,-31.4,25.89096
"$GPGGA","2015-08-04 08:32:30",33.9593666666667,"N",-83.37956,"W","2",9,0.87,229.2,-31.4,24.13156
"$GPGGA","2015-08-04 08:32:31",33.95938,"N",-83.3794916666667,"W","2",9,0.87,229.6,-31.4,24.48344
"$GPGGA","2015-08-04 08:32:32",33.9593933333333,"N",-83.3794283333333,"W","2",9,0.87,229.9,-31.4,22.48328
"$GPGGA","2015-08-04 08:32:33",33.9594066666667,"N",-83.3793683333333,"W","2",9,0.87,230.4,-31.4,21.3906
"$GPGGA","2015-08-04 08:32:34",33.9594233333333,"N",-83.3793116666667,"W","2",9,0.87,230.8,-31.4,20.29792
"$GPGGA","2015-08-04 08:32:35",33.95944,"N",-83.3792633333333,"W","2",8,0.98,231.3,-31.4,18.16812
"$GPGGA","2015-08-04 08:32:36",33.959445,"N",-83.3792216666667,"W","2",9,0.87,231.7,-31.4,15.5568
"$GPGGA","2015-08-04 08:32:37",33.959435,"N",-83.3791766666667,"W","2",9,0.86,231.9,-31.4,16.22352
"$GPGGA","2015-08-04 08:32:38",33.959405,"N",-83.379125,"W","2",9,0.87,231.3,-31.4,18.48296
"$GPGGA","2015-08-04 08:32:39",33.9593516666667,"N",-83.3790883333334,"W","2",9,0.87,231,-31.4,20.9276
"$GPGGA","2015-08-04 08:32:40",33.9592833333333,"N",-83.3790683333333,"W","2",9,0.86,231,-31.4,26.00208
"$GPGGA","2015-08-04 08:32:41",33.95921,"N",-83.3790516666667,"W","2",9,0.87,230.9,-31.4,28.68748
"$GPGGA","2015-08-04 08:32:42",33.959135,"N",-83.3790333333333,"W","2",9,0.87,230.9,-31.4,29.0764
"$GPGGA","2015-08-04 08:32:43",33.9590616666667,"N",-83.3790133333333,"W","2",9,0.87,230.8,-31.4,29.02084
"$GPGGA","2015-08-04 08:32:44",33.9589866666667,"N",-83.3789916666667,"W","2",9,0.87,230.8,-31.4,29.89128
"$GPGGA","2015-08-04 08:32:45",33.9589133333333,"N",-83.3789666666667,"W","2",9,0.87,230.8,-31.4,30.02092
"$GPGGA","2015-08-04 08:32:46",33.95884,"N",-83.3789466666667,"W","2",9,0.87,230.6,-31.4,29.89128
"$GPGGA","2015-08-04 08:32:47",33.958765,"N",-83.3789333333333,"W","2",9,0.87,230.6,-31.4,29.8172
"$GPGGA","2015-08-04 08:32:48",33.9586916666667,"N",-83.37893,"W","2",9,0.87,230.8,-31.4,29.18752
"$GPGGA","2015-08-04 08:32:49",33.9586216666667,"N",-83.3789233333333,"W","2",9,0.87,230.9,-31.4,28.90972
"$GPGGA","2015-08-04 08:32:50",33.958555,"N",-83.3789066666667,"W","2",8,1.01,230.9,-31.4,26.40952
"$GPGGA","2015-08-04 08:32:51",33.9585,"N",-83.37888,"W","2",9,0.86,231,-31.4,26.05764
"$GPGGA","2015-08-04 08:32:52",33.9584516666667,"N",-83.37886,"W","2",8,0.87,231.3,-31.4,24.77976
"$GPGGA","2015-08-04 08:32:53",33.9584066666667,"N",-83.378845,"W","2",9,0.86,231.5,-31.4,22.42772
"$GPGGA","2015-08-04 08:32:54",33.9583783333333,"N",-83.37883,"W","2",8,0.87,231.7,-31.4,19.1682
"$GPGGA","2015-08-04 08:32:55",33.9583483333333,"N",-83.378815,"W","2",9,0.86,231.9,-31.4,13.94556
"$GPGGA","2015-08-04 08:32:56",33.958305,"N",-83.3787983333333,"W","2",9,0.86,232.1,-31.4,14.57524
"$GPGGA","2015-08-04 08:32:57",33.9582566666667,"N",-83.3787766666667,"W","2",9,0.86,232.4,-31.4,16.77912
"$GPGGA","2015-08-04 08:32:58",33.9582083333333,"N",-83.3787516666667,"W","2",9,0.86,232.5,-31.4,19.40896
"$GPGGA","2015-08-04 08:32:59",33.9581516666667,"N",-83.3787266666667,"W","2",9,0.86,232.5,-31.4,19.52008
"$GPGGA","2015-08-04 08:33:00",33.9580966666667,"N",-83.3787083333333,"W","2",9,0.86,232.6,-31.4,20.89056
"$GPGGA","2015-08-04 08:33:01",33.9580466666667,"N",-83.3786866666667,"W","2",9,0.86,232.9,-31.4,21.27948
"$GPGGA","2015-08-04 08:33:02",33.95799,"N",-83.3786666666667,"W","2",9,0.86,233.1,-31.4,21.16836
"$GPGGA","2015-08-04 08:33:03",33.957935,"N",-83.3786366666667,"W","2",9,0.86,233.1,-31.4,22.07584
"$GPGGA","2015-08-04 08:33:04",33.95789,"N",-83.3786083333333,"W","2",9,0.86,233.3,-31.4,20.13124
"$GPGGA","2015-08-04 08:33:05",33.9578516666667,"N",-83.3785766666666,"W","2",9,0.86,233.6,-31.4,17.3162
"$GPGGA","2015-08-04 08:33:06",33.9578033333333,"N",-83.37855,"W","2",9,0.86,234.4,-31.4,18.92744
"$GPGGA","2015-08-04 08:33:07",33.95779,"N",-83.37852,"W","2",9,0.86,235.3,-31.4,21.70544
"$GPGGA","2015-08-04 08:33:08",33.95778,"N",-83.3784716666667,"W","2",9,0.86,235.7,-31.4,12.05652
"$GPGGA","2015-08-04 08:33:09",33.9577733333333,"N",-83.378425,"W","2",9,0.86,235.9,-31.4,16.0198
"$GPGGA","2015-08-04 08:33:10",33.95778,"N",-83.3783733333333,"W","2",9,0.86,236.5,-31.4,15.29752
"$GPGGA","2015-08-04 08:33:11",33.9578166666667,"N",-83.3782916666667,"W","2",9,0.86,238,-31.4,14.05668
"$GPGGA","2015-08-04 08:33:12",33.957835,"N",-83.3782333333333,"W","2",9,0.86,238.5,-31.4,18.09404
"$GPGGA","2015-08-04 08:33:13",33.9578483333333,"N",-83.37817,"W","2",9,0.86,238.9,-31.4,19.52008
"$GPGGA","2015-08-04 08:33:14",33.9578633333333,"N",-83.3781066666667,"W","2",9,0.86,239.2,-31.4,19.14968
"$GPGGA","2015-08-04 08:33:15",33.9578783333333,"N",-83.378045,"W","2",9,0.86,239.6,-31.4,19.24228
"$GPGGA","2015-08-04 08:33:16",33.9578916666667,"N",-83.3779883333333,"W","2",9,0.86,240,-31.4,19.909
"$GPGGA","2015-08-04 08:33:17",33.9579033333333,"N",-83.3779133333333,"W","2",9,0.86,240.5,-31.4,18.53852
"$GPGGA","2015-08-04 08:33:18",33.9579066666667,"N",-83.3778533333333,"W","2",9,0.86,241.4,-31.4,17.9644
"$GPGGA","2015-08-04 08:33:19",33.9579133333333,"N",-83.3777983333333,"W","2",9,0.86,242.1,-31.4,15.9272
"$GPGGA","2015-08-04 08:33:20",33.957915,"N",-83.377745,"W","2",9,0.86,242.7,-31.4,16.50132
"$GPGGA","2015-08-04 08:33:21",33.9579166666667,"N",-83.3776916666667,"W","2",9,0.86,243.8,-31.4,16.4828
"$GPGGA","2015-08-04 08:33:22",33.95793,"N",-83.3776566666667,"W","2",9,0.86,244.7,-31.4,14.66784
"$GPGGA","2015-08-04 08:33:23",33.9579416666667,"N",-83.3776366666667,"W","2",9,0.86,245.5,-31.4,14.59376
"$GPGGA","2015-08-04 08:33:24",33.9579683333333,"N",-83.3775983333333,"W","2",9,0.86,246.4,-31.4,15.3716
"$GPGGA","2015-08-04 08:33:25",33.957965,"N",-83.3775533333333,"W","2",9,0.86,247.1,-31.4,16.72356
"$GPGGA","2015-08-04 08:33:26",33.957975,"N",-83.3774883333333,"W","2",9,0.86,247.8,-31.4,17.64956
"$GPGGA","2015-08-04 08:33:27",33.9580216666667,"N",-83.3773616666667,"W","2",9,0.86,248.6,-31.4,19.66824
"$GPGGA","2015-08-04 08:33:28",33.9580333333333,"N",-83.3772816666666,"W","2",9,0.86,249.5,-31.4,23.07592
"$GPGGA","2015-08-04 08:33:29",33.9580483333333,"N",-83.3771983333333,"W","2",9,0.86,250.5,-31.4,25.2798
"$GPGGA","2015-08-04 08:33:30",33.9580666666667,"N",-83.3771033333333,"W","2",9,0.86,251.2,-31.4,26.2984
"$GPGGA","2015-08-04 08:33:31",33.958085,"N",-83.377015,"W","2",9,0.86,252.2,-31.4,27.35404
"$GPGGA","2015-08-04 08:33:32",33.9581116666667,"N",-83.3769116666667,"W","2",8,0.96,253,-31.4,27.42812
"$GPGGA","2015-08-04 08:33:33",33.958135,"N",-83.376815,"W","2",8,0.96,253.7,-31.4,28.48376
"$GPGGA","2015-08-04 08:33:34",33.9581716666667,"N",-83.3767083333333,"W","2",8,0.96,254.3,-31.4,28.39116
"$GPGGA","2015-08-04 08:33:35",33.9581933333333,"N",-83.3766166666667,"W","2",8,0.96,254.9,-31.4,28.3356
"$GPGGA","2015-08-04 08:33:36",33.958215,"N",-83.3765133333333,"W","2",9,0.86,255.2,-31.4,29.05788
"$GPGGA","2015-08-04 08:33:37",33.958225,"N",-83.3764216666667,"W","2",9,0.86,255.5,-31.4,30.0024
"$GPGGA","2015-08-04 08:33:38",33.9582333333333,"N",-83.3763333333333,"W","2",9,0.87,256,-31.4,29.87276
"$GPGGA","2015-08-04 08:33:39",33.9582533333333,"N",-83.3762416666667,"W","2",9,0.86,256.6,-31.4,29.33568
"$GPGGA","2015-08-04 08:33:40",33.9582716666667,"N",-83.3761516666667,"W","2",9,0.86,257.2,-31.4,28.55784
"$GPGGA","2015-08-04 08:33:41",33.9583133333333,"N",-83.376005,"W","2",9,0.86,257.6,-31.4,28.44672
"$GPGGA","2015-08-04 08:33:42",33.9583333333333,"N",-83.375855,"W","2",9,0.86,258.1,-31.4,29.66904
"$GPGGA","2015-08-04 08:33:43",33.9583,"N",-83.3757483333333,"W","2",9,0.87,258.1,-31.4,27.74296
"$GPGGA","2015-08-04 08:33:44",33.9582516666667,"N",-83.3756716666667,"W","2",9,0.87,258,-31.4,28.44672
"$GPGGA","2015-08-04 08:33:45",33.9581783333333,"N",-83.37562,"W","2",9,0.87,257.6,-31.4,33.5212
"$GPGGA","2015-08-04 08:33:46",33.9581033333333,"N",-83.375565,"W","2",9,0.86,257,-31.4,35.03984
"$GPGGA","2015-08-04 08:33:47",33.95803,"N",-83.375515,"W","2",8,1.03,256.8,-31.4,34.68796
"$GPGGA","2015-08-04 08:33:48",33.9579533333333,"N",-83.3754616666667,"W","2",9,0.87,256.4,-31.4,33.68788
"$GPGGA","2015-08-04 08:33:49",33.95788,"N",-83.3754116666667,"W","2",9,0.87,256,-31.4,33.76196
"$GPGGA","2015-08-04 08:33:50",33.9578133333333,"N",-83.375365,"W","2",8,1.03,255.4,-31.4,32.53964
"$GPGGA","2015-08-04 08:33:51",33.957755,"N",-83.3753483333333,"W","2",8,1.01,254.6,-31.4,29.9098
"$GPGGA","2015-08-04 08:33:52",33.9577016666667,"N",-83.3753683333333,"W","2",8,1.01,254.1,-31.4,26.03912
"$GPGGA","2015-08-04 08:33:53",33.9576666666667,"N",-83.3754,"W","2",8,1.01,253.7,-31.4,26.09468
"$GPGGA","2015-08-04 08:33:54",33.9576516666667,"N",-83.375475,"W","2",9,0.87,253.6,-31.4,26.18728
"$GPGGA","2015-08-04 08:33:55",33.957645,"N",-83.3755483333333,"W","2",8,1.01,253.6,-31.4,27.5022
"$GPGGA","2015-08-04 08:33:56",33.957635,"N",-83.3756266666667,"W","2",8,1.01,253.6,-31.4,26.53916
"$GPGGA","2015-08-04 08:33:57",33.9576266666667,"N",-83.3757016666667,"W","2",8,1.01,253.7,-31.4,26.46508
"$GPGGA","2015-08-04 08:33:58",33.95761,"N",-83.3757766666667,"W","2",8,1.01,253.6,-31.4,25.76132
"$GPGGA","2015-08-04 08:33:59",33.9575966666667,"N",-83.375855,"W","2",8,1.01,253.7,-31.4,26.37248
"$GPGGA","2015-08-04 08:34:00",33.9575766666667,"N",-83.3759283333333,"W","2",8,1.02,253.8,-31.4,26.37248
"$GPGGA","2015-08-04 08:34:01",33.95756,"N",-83.3760033333333,"W","2",8,1.01,253.9,-31.4,25.7428
"$GPGGA","2015-08-04 08:34:02",33.95754,"N",-83.3760666666667,"W","2",8,1.03,254.2,-31.4,24.46492
"$GPGGA","2015-08-04 08:34:03",33.9575183333333,"N",-83.37613,"W","2",8,1.03,254.1,-31.4,23.87228
"$GPGGA","2015-08-04 08:34:04",33.9574966666667,"N",-83.3761966666667,"W","2",8,1.03,254,-31.4,23.29816
"$GPGGA","2015-08-04 08:34:05",33.9574783333333,"N",-83.3762583333333,"W","2",8,1.03,253.9,-31.4,22.85368
"$GPGGA","2015-08-04 08:34:06",33.9574633333333,"N",-83.37634,"W","2",9,0.87,252.9,-31.4,21.90916
"$GPGGA","2015-08-04 08:34:07",33.9574516666667,"N",-83.3764183333333,"W","2",9,0.87,251.8,-31.4,22.24252
"$GPGGA","2015-08-04 08:34:08",33.9574433333333,"N",-83.376485,"W","2",9,0.87,250.5,-31.4,20.4646
"$GPGGA","2015-08-04 08:34:09",33.9574366666667,"N",-83.3765483333333,"W","2",9,0.87,249.3,-31.4,17.9644
"$GPGGA","2015-08-04 08:34:10",33.95743,"N",-83.3766,"W","2",9,0.87,248.1,-31.4,16.0198
"$GPGGA","2015-08-04 08:34:11",33.9574216666667,"N",-83.3766433333333,"W","2",9,0.87,247.1,-31.4,13.57516
"$GPGGA","2015-08-04 08:34:12",33.957415,"N",-83.3766783333333,"W","2",9,0.87,246.5,-31.4,10.77864
"$GPGGA","2015-08-04 08:34:13",33.95741,"N",-83.3767133333333,"W","2",9,0.87,245.8,-31.4,9.29704
"$GPGGA","2015-08-04 08:34:14",33.9574016666667,"N",-83.3767433333334,"W","2",9,0.87,245.3,-31.4,9.40816
"$GPGGA","2015-08-04 08:34:15",33.95739,"N",-83.376775,"W","2",9,0.87,245.3,-31.4,11.24164
"$GPGGA","2015-08-04 08:34:16",33.9573666666667,"N",-83.3768033333333,"W","2",9,0.87,245.2,-31.4,14.03816
"$GPGGA","2015-08-04 08:34:17",33.9573166666667,"N",-83.3768016666667,"W","2",9,0.87,245.8,-31.4,17.4088
"$GPGGA","2015-08-04 08:34:18",33.957255,"N",-83.3767866666667,"W","2",9,0.87,245.5,-31.4,20.81648
"$GPGGA","2015-08-04 08:34:19",33.9571816666667,"N",-83.3767583333333,"W","2",9,0.87,245.3,-31.4,26.74288
"$GPGGA","2015-08-04 08:34:20",33.9571033333333,"N",-83.3767283333333,"W","2",9,0.87,245.5,-31.4,29.74312
"$GPGGA","2015-08-04 08:34:21",33.9570166666667,"N",-83.3767033333333,"W","2",9,0.87,245.2,-31.4,31.78032
"$GPGGA","2015-08-04 08:34:22",33.9569316666667,"N",-83.3766766666667,"W","2",9,0.87,244.7,-31.4,35.26208
"$GPGGA","2015-08-04 08:34:23",33.9568433333333,"N",-83.3766483333333,"W","2",9,0.87,244.3,-31.4,35.78064
"$GPGGA","2015-08-04 08:34:24",33.9567466666667,"N",-83.3766216666667,"W","2",9,0.87,243.6,-31.4,37.37336
"$GPGGA","2015-08-04 08:34:25",33.9566466666667,"N",-83.3765983333333,"W","2",9,0.87,242.5,-31.4,38.74384
"$GPGGA","2015-08-04 08:34:26",33.9565433333333,"N",-83.37658,"W","2",9,0.87,242.2,-31.4,39.66984
"$GPGGA","2015-08-04 08:34:27",33.9564383333333,"N",-83.376565,"W","2",8,0.99,241.1,-31.4,41.15144
"$GPGGA","2015-08-04 08:34:28",33.9563333333333,"N",-83.3765533333333,"W","2",9,0.87,240.1,-31.4,42.07744
"$GPGGA","2015-08-04 08:34:29",33.956225,"N",-83.3765416666667,"W","2",9,0.87,239.2,-31.4,42.07744
"$GPGGA","2015-08-04 08:34:30",33.956115,"N",-83.3765316666667,"W","2",9,0.87,238.4,-31.4,43.00344
"$GPGGA","2015-08-04 08:34:31",33.9560066666667,"N",-83.3765283333334,"W","2",9,0.87,237.7,-31.4,42.98492
"$GPGGA","2015-08-04 08:34:32",33.955895,"N",-83.3765266666667,"W","2",9,0.87,237.3,-31.4,43.7998
"$GPGGA","2015-08-04 08:34:33",33.9557816666667,"N",-83.37653,"W","2",9,0.87,236.7,-31.4,44.6332
"$GPGGA","2015-08-04 08:34:34",33.9556683333333,"N",-83.3765333333333,"W","2",9,0.87,235.9,-31.4,45.02212
"$GPGGA","2015-08-04 08:34:35",33.9555533333333,"N",-83.3765383333333,"W","2",9,0.87,235.3,-31.4,45.52216
"$GPGGA","2015-08-04 08:34:36",33.955435,"N",-83.3765416666667,"W","2",8,0.96,234.7,-31.4,46.3
"$GPGGA","2015-08-04 08:34:37",33.9553166666667,"N",-83.3765433333333,"W","2",9,0.87,234.2,-31.4,46.98524
"$GPGGA","2015-08-04 08:34:38",33.9551966666667,"N",-83.3765416666667,"W","2",9,0.87,233.5,-31.4,46.89264
"$GPGGA","2015-08-04 08:34:39",33.9550733333333,"N",-83.3765433333333,"W","2",8,1.03,232.9,-31.4,46.81856
"$GPGGA","2015-08-04 08:34:40",33.95495,"N",-83.3765483333333,"W","2",8,0.96,231.6,-31.4,47.18896
"$GPGGA","2015-08-04 08:34:41",33.954825,"N",-83.3765483333333,"W","2",7,1.12,230.8,-31.4,46.6704
"$GPGGA","2015-08-04 08:34:42",33.9547016666667,"N",-83.3765433333333,"W","2",8,0.96,229.5,-31.4,47.61492
"$GPGGA","2015-08-04 08:34:43",33.9545783333333,"N",-83.3765383333333,"W","2",8,1.02,229.3,-31.4,48.2446
"$GPGGA","2015-08-04 08:34:44",33.9544516666667,"N",-83.3765383333333,"W","2",8,0.99,228.5,-31.4,49.11504
"$GPGGA","2015-08-04 08:34:45",33.95433,"N",-83.3765416666667,"W","2",8,0.99,228.1,-31.4,48.35572
"$GPGGA","2015-08-04 08:34:46",33.9542083333333,"N",-83.376545,"W","2",8,0.99,227.8,-31.4,48.3372
"$GPGGA","2015-08-04 08:34:47",33.9540883333333,"N",-83.3765483333333,"W","2",7,1.1,227.1,-31.4,47.48528
"$GPGGA","2015-08-04 08:34:48",33.9539716666667,"N",-83.37655,"W","2",8,1.03,226.7,-31.4,46.3
"$GPGGA","2015-08-04 08:34:49",33.95385,"N",-83.3765466666667,"W","2",8,1.02,226.5,-31.4,47.26304
"$GPGGA","2015-08-04 08:34:50",33.9537266666667,"N",-83.3765433333333,"W","2",8,1.02,226,-31.4,47.39268
"$GPGGA","2015-08-04 08:34:51",33.9536083333333,"N",-83.37654,"W","2",8,1.02,225.5,-31.4,47.92976
"$GPGGA","2015-08-04 08:34:52",33.9534933333333,"N",-83.3765433333333,"W","2",7,1.1,224.6,-31.4,46.31852
"$GPGGA","2015-08-04 08:34:53",33.953385,"N",-83.3765483333333,"W","2",8,0.99,223.6,-31.4,44.1702
"$GPGGA","2015-08-04 08:34:54",33.9532983333333,"N",-83.3765516666667,"W","2",8,0.99,223,-31.4,38.74384
"$GPGGA","2015-08-04 08:34:55",33.9532283333333,"N",-83.376555,"W","2",8,0.99,221.7,-31.4,30.89136
"$GPGGA","2015-08-04 08:34:56",33.9531883333333,"N",-83.3765716666667,"W","2",8,0.96,220.6,-31.4,22.20548
"$GPGGA","2015-08-04 08:34:57",33.953155,"N",-83.37658,"W","2",8,0.96,220.1,-31.4,15.76052
"$GPGGA","2015-08-04 08:34:58",33.95314,"N",-83.3765783333333,"W","2",8,0.96,219.6,-31.4,10.76012
"$GPGGA","2015-08-04 08:34:59",33.9531366666667,"N",-83.376575,"W","2",8,0.96,219,-31.4,3.90772
"$GPGGA","2015-08-04 08:35:00",33.95314,"N",-83.3765716666667,"W","2",9,0.87,218.8,-31.4,0.03704
"$GPGGA","2015-08-04 08:35:01",33.9531416666667,"N",-83.376565,"W","2",7,1.1,218.5,-31.4,0.03704
"$GPGGA","2015-08-04 08:35:02",33.953145,"N",-83.3765616666666,"W","2",8,0.96,218.3,-31.4,0.05556
"$GPGGA","2015-08-04 08:35:03",33.953145,"N",-83.37656,"W","2",9,0.87,218.3,-31.4,0.05556
"$GPGGA","2015-08-04 08:35:04",33.953145,"N",-83.3765583333333,"W","2",9,0.87,218.3,-31.4,0.01852
"$GPGGA","2015-08-04 08:35:05",33.953145,"N",-83.3765583333333,"W","2",9,0.87,218.3,-31.4,0.01852
"$GPGGA","2015-08-04 08:35:06",33.953145,"N",-83.3765566666667,"W","2",8,0.96,218.2,-31.4,0.03704
"$GPGGA","2015-08-04 08:35:07",33.9531433333333,"N",-83.3765566666667,"W","2",9,0.87,218.2,-31.4,0.05556
"$GPGGA","2015-08-04 08:35:08",33.9531383333333,"N",-83.376555,"W","2",9,0.87,218.2,-31.4,0.22224
"$GPGGA","2015-08-04 08:35:09",33.9531133333333,"N",-83.3765533333333,"W","2",9,0.87,218,-31.4,0.53708
"$GPGGA","2015-08-04 08:35:10",33.9530766666667,"N",-83.3765466666667,"W","2",9,0.87,217.7,-31.4,11.96392
"$GPGGA","2015-08-04 08:35:11",33.953035,"N",-83.3765316666667,"W","2",9,0.87,217.6,-31.4,16.18648
"$GPGGA","2015-08-04 08:35:12",33.9529916666667,"N",-83.3764916666667,"W","2",9,0.87,217.4,-31.4,17.594
"$GPGGA","2015-08-04 08:35:13",33.9529466666667,"N",-83.3764383333333,"W","2",9,0.87,217.1,-31.4,24.48344
"$GPGGA","2015-08-04 08:35:14",33.9529033333333,"N",-83.3763833333333,"W","2",9,0.87,217,-31.4,27.1318
"$GPGGA","2015-08-04 08:35:15",33.95288,"N",-83.37632,"W","2",9,0.87,217,-31.4,25.50204
"$GPGGA","2015-08-04 08:35:16",33.9528683333333,"N",-83.3762516666667,"W","2",9,0.87,216.9,-31.4,21.8536
"$GPGGA","2015-08-04 08:35:17",33.9528633333333,"N",-83.3761766666667,"W","2",9,0.87,216.9,-31.4,22.57588
"$GPGGA","2015-08-04 08:35:18",33.952855,"N",-83.3761016666667,"W","2",9,0.87,217.1,-31.4,22.94628
"$GPGGA","2015-08-04 08:35:19",33.9528483333333,"N",-83.3760266666667,"W","2",9,0.87,217.2,-31.4,24.15008
"$GPGGA","2015-08-04 08:35:20",33.95284,"N",-83.3759516666667,"W","2",8,0.96,217.3,-31.4,24.61308
"$GPGGA","2015-08-04 08:35:21",33.9528316666667,"N",-83.3758783333333,"W","2",9,0.87,217.5,-31.4,24.68716
"$GPGGA","2015-08-04 08:35:22",33.9528266666667,"N",-83.3758066666667,"W","2",9,0.87,217.5,-31.4,24.57604
"$GPGGA","2015-08-04 08:35:23",33.95282,"N",-83.375735,"W","2",9,0.87,217.7,-31.4,23.76116
"$GPGGA","2015-08-04 08:35:24",33.9528183333333,"N",-83.3756616666666,"W","2",9,0.87,217.8,-31.4,23.76116
"$GPGGA","2015-08-04 08:35:25",33.9528083333333,"N",-83.3755916666667,"W","2",9,0.87,218,-31.4,23.7982
"$GPGGA","2015-08-04 08:35:26",33.9528083333333,"N",-83.3755116666666,"W","2",9,0.87,218.1,-31.4,23.7056
"$GPGGA","2015-08-04 08:35:27",33.9528016666667,"N",-83.3754266666667,"W","2",9,0.87,218.4,-31.4,23.66856
"$GPGGA","2015-08-04 08:35:28",33.9527966666667,"N",-83.3753533333333,"W","2",9,0.87,218.7,-31.4,22.74256
"$GPGGA","2015-08-04 08:35:29",33.952795,"N",-83.3752783333333,"W","2",9,0.87,219.1,-31.4,21.81656
"$GPGGA","2015-08-04 08:35:30",33.952785,"N",-83.375215,"W","2",9,0.87,219.5,-31.4,21.9462
"$GPGGA","2015-08-04 08:35:31",33.9527833333333,"N",-83.3751466666667,"W","2",9,0.87,219.9,-31.4,20.9276
"$GPGGA","2015-08-04 08:35:32",33.9527833333333,"N",-83.37508,"W","2",9,0.87,220.3,-31.4,20.96464
"$GPGGA","2015-08-04 08:35:33",33.95278,"N",-83.3750216666667,"W","2",9,0.87,220.6,-31.4,21.0202
"$GPGGA","2015-08-04 08:35:34",33.952775,"N",-83.37496,"W","2",9,0.87,221,-31.4,20.44608
"$GPGGA","2015-08-04 08:35:35",33.95277,"N",-83.3748966666667,"W","2",9,0.87,221.3,-31.4,20.4646
"$GPGGA","2015-08-04 08:35:36",33.95277,"N",-83.374825,"W","2",8,0.96,221.3,-31.4,19.85344
"$GPGGA","2015-08-04 08:35:37",33.9527583333333,"N",-83.3747616666666,"W","2",8,0.96,221.3,-31.4,18.94596
"$GPGGA","2015-08-04 08:35:38",33.9527416666667,"N",-83.3747033333333,"W","2",9,0.87,221.2,-31.4,18.29776
"$GPGGA","2015-08-04 08:35:39",33.952695,"N",-83.3746833333333,"W","2",9,0.87,221.4,-31.4,17.83476
"$GPGGA","2015-08-04 08:35:40",33.9526383333333,"N",-83.37468,"W","2",9,0.87,221.6,-31.4,24.83532
"$GPGGA","2015-08-04 08:35:41",33.95257,"N",-83.37468,"W","2",8,0.99,221.5,-31.4,27.24292
"$GPGGA","2015-08-04 08:35:42",33.952495,"N",-83.3746716666667,"W","2",8,0.99,221.2,-31.4,29.50236
"$GPGGA","2015-08-04 08:35:43",33.952415,"N",-83.374655,"W","2",9,0.87,220.9,-31.4,31.35436
"$GPGGA","2015-08-04 08:35:44",33.9523316666667,"N",-83.374635,"W","2",9,0.87,220.7,-31.4,33.16932
"$GPGGA","2015-08-04 08:35:45",33.952245,"N",-83.3746133333333,"W","2",9,0.87,220.3,-31.4,34.4472
"$GPGGA","2015-08-04 08:35:46",33.9521533333333,"N",-83.3745883333333,"W","2",8,0.96,219.9,-31.4,36.41032
"$GPGGA","2015-08-04 08:35:47",33.9520616666667,"N",-83.37456,"W","2",8,0.99,219.5,-31.4,37.72524
"$GPGGA","2015-08-04 08:35:48",33.9519616666667,"N",-83.3745266666667,"W","2",9,0.87,219.3,-31.4,38.57716
"$GPGGA","2015-08-04 08:35:49",33.9518616666667,"N",-83.374495,"W","2",9,0.87,219.2,-31.4,39.57724
"$GPGGA","2015-08-04 08:35:50",33.9517583333333,"N",-83.3744683333333,"W","2",9,0.87,219.2,-31.4,40.24396
"$GPGGA","2015-08-04 08:35:51",33.9516633333333,"N",-83.3744366666667,"W","2",9,0.87,218.9,-31.4,40.0958
"$GPGGA","2015-08-04 08:35:52",33.9515783333333,"N",-83.374395,"W","2",9,0.87,218.3,-31.4,37.18816
"$GPGGA","2015-08-04 08:35:53",33.9514983333333,"N",-83.3743583333333,"W","2",9,0.87,218,-31.4,34.33608
"$GPGGA","2015-08-04 08:35:54",33.9514216666667,"N",-83.3743216666667,"W","2",9,0.87,217.6,-31.4,31.484
"$GPGGA","2015-08-04 08:35:55",33.9513466666667,"N",-83.3742916666667,"W","2",9,0.87,217,-31.4,32.16924
"$GPGGA","2015-08-04 08:35:56",33.9512766666667,"N",-83.3742683333333,"W","2",9,0.87,216.4,-31.4,28.78008
"$GPGGA","2015-08-04 08:35:57",33.9512116666667,"N",-83.3742483333334,"W","2",9,0.87,216.1,-31.4,27.35404
"$GPGGA","2015-08-04 08:35:58",33.9511516666667,"N",-83.3742333333333,"W","2",9,0.87,215.7,-31.4,25.66872
"$GPGGA","2015-08-04 08:35:59",33.9510883333333,"N",-83.3742283333333,"W","2",8,0.96,215.4,-31.4,26.92808
"$GPGGA","2015-08-04 08:36:00",33.9510183333333,"N",-83.37422,"W","2",9,0.87,215,-31.4,27.29848
"$GPGGA","2015-08-04 08:36:01",33.95095,"N",-83.3742166666667,"W","2",9,0.87,214.8,-31.4,28.83564
"$GPGGA","2015-08-04 08:36:02",33.9508783333333,"N",-83.3742166666667,"W","2",9,0.87,214.3,-31.4,29.22456
"$GPGGA","2015-08-04 08:36:03",33.9508066666667,"N",-83.3742266666667,"W","2",9,0.87,214.1,-31.4,28.87268
"$GPGGA","2015-08-04 08:36:04",33.950735,"N",-83.3742483333334,"W","2",9,0.87,213.8,-31.4,29.31716
"$GPGGA","2015-08-04 08:36:05",33.9506583333333,"N",-83.374275,"W","2",9,0.87,213.8,-31.4,30.63208
"$GPGGA","2015-08-04 08:36:06",33.9505816666667,"N",-83.3743083333333,"W","2",9,0.87,213.6,-31.4,32.05812
"$GPGGA","2015-08-04 08:36:07",33.9505066666667,"N",-83.3743466666667,"W","2",9,0.87,213.5,-31.4,32.37296
"$GPGGA","2015-08-04 08:36:08",33.9504283333333,"N",-83.37438,"W","2",9,0.87,213,-31.4,32.48408
"$GPGGA","2015-08-04 08:36:09",33.95035,"N",-83.3744166666667,"W","2",9,0.87,212.5,-31.4,32.5026
"$GPGGA","2015-08-04 08:36:10",33.9502733333333,"N",-83.374455,"W","2",9,0.87,212.2,-31.4,32.5952
"$GPGGA","2015-08-04 08:36:11",33.9502,"N",-83.3744966666667,"W","2",9,0.87,212.3,-31.4,32.55816
"$GPGGA","2015-08-04 08:36:12",33.9501266666667,"N",-83.3745383333333,"W","2",9,0.87,212.5,-31.4,32.07664
"$GPGGA","2015-08-04 08:36:13",33.9500533333333,"N",-83.3745783333333,"W","2",9,0.87,212.2,-31.4,31.59512
"$GPGGA","2015-08-04 08:36:14",33.9499766666667,"N",-83.37462,"W","2",9,0.87,211.6,-31.4,32.74336
"$GPGGA","2015-08-04 08:36:15",33.9498966666667,"N",-83.37466,"W","2",9,0.87,211.1,-31.4,34.262
"$GPGGA","2015-08-04 08:36:16",33.949815,"N",-83.374705,"W","2",9,0.87,210.9,-31.4,35.31764
"$GPGGA","2015-08-04 08:36:17",33.94973,"N",-83.37475,"W","2",9,0.87,210.5,-31.4,35.29912
"$GPGGA","2015-08-04 08:36:18",33.9496483333333,"N",-83.3748,"W","2",9,0.87,210.6,-31.4,35.96584
"$GPGGA","2015-08-04 08:36:19",33.94957,"N",-83.3748583333333,"W","2",9,0.87,210.8,-31.4,36.03992
"$GPGGA","2015-08-04 08:36:20",33.9494983333333,"N",-83.3749233333333,"W","2",9,0.87,211.1,-31.4,36.03992
"$GPGGA","2015-08-04 08:36:21",33.9494366666667,"N",-83.375,"W","2",9,0.87,211.5,-31.4,35.53988
"$GPGGA","2015-08-04 08:36:22",33.949385,"N",-83.3750766666667,"W","2",8,1.02,211.8,-31.4,34.78056
"$GPGGA","2015-08-04 08:36:23",33.94934,"N",-83.3751533333333,"W","2",9,0.87,212.1,-31.4,32.70632
"$GPGGA","2015-08-04 08:36:24",33.9493016666667,"N",-83.3752316666667,"W","2",9,0.87,212.5,-31.4,30.42836
"$GPGGA","2015-08-04 08:36:25",33.949265,"N",-83.375305,"W","2",9,0.87,212.8,-31.4,29.09492
"$GPGGA","2015-08-04 08:36:26",33.9492366666667,"N",-83.3753733333333,"W","2",9,0.87,213.3,-31.4,27.20588
"$GPGGA","2015-08-04 08:36:27",33.9492183333333,"N",-83.3754433333333,"W","2",9,0.87,213.8,-31.4,23.96488
"$GPGGA","2015-08-04 08:36:28",33.9492,"N",-83.3755083333333,"W","2",9,0.87,214.4,-31.4,23.92784
"$GPGGA","2015-08-04 08:36:29",33.949195,"N",-83.3755783333333,"W","2",9,0.87,214.9,-31.4,21.92768
"$GPGGA","2015-08-04 08:36:30",33.9491833333333,"N",-83.3756266666667,"W","2",8,1.02,215.4,-31.4,18.81632
"$GPGGA","2015-08-04 08:36:31",33.94916,"N",-83.375655,"W","2",9,0.87,216,-31.4,15.33456
"$GPGGA","2015-08-04 08:36:32",33.9491266666667,"N",-83.37566,"W","2",9,0.87,216.5,-31.4,12.81584
"$GPGGA","2015-08-04 08:36:33",33.9490916666667,"N",-83.37564,"W","2",9,0.87,217,-31.4,12.16764
"$GPGGA","2015-08-04 08:36:34",33.9490566666667,"N",-83.3756116666667,"W","2",9,0.87,217.3,-31.4,15.81608
"$GPGGA","2015-08-04 08:36:35",33.9490283333333,"N",-83.3755816666667,"W","2",8,0.96,217.4,-31.4,16.3902
"$GPGGA","2015-08-04 08:36:36",33.9490116666667,"N",-83.3755483333333,"W","2",9,0.87,217.5,-31.4,15.42716
"$GPGGA","2015-08-04 08:36:37",33.9489916666667,"N",-83.375515,"W","2",9,0.87,217.7,-31.4,14.27892
"$GPGGA","2015-08-04 08:36:38",33.94897,"N",-83.37548,"W","2",9,0.87,217.7,-31.4,14.39004
"$GPGGA","2015-08-04 08:36:39",33.9489533333333,"N",-83.3754466666667,"W","2",9,0.87,217.8,-31.4,14.7234
"$GPGGA","2015-08-04 08:36:40",33.9489316666667,"N",-83.3754116666667,"W","2",9,0.87,217.9,-31.4,13.66776
"$GPGGA","2015-08-04 08:36:41",33.9489183333333,"N",-83.375375,"W","2",9,0.87,217.8,-31.4,13.81592
"$GPGGA","2015-08-04 08:36:42",33.9489066666667,"N",-83.3753366666667,"W","2",9,0.87,217.8,-31.4,13.81592
"$GPGGA","2015-08-04 08:36:43",33.9488916666667,"N",-83.3753016666667,"W","2",9,0.87,217.8,-31.4,13.1492
"$GPGGA","2015-08-04 08:36:44",33.9489216666667,"N",-83.3752533333333,"W","2",9,0.87,218.6,-31.4,12.85288
"$GPGGA","2015-08-04 08:36:45",33.9489233333333,"N",-83.3752066666667,"W","2",9,0.87,218.9,-31.4,14.1678
"$GPGGA","2015-08-04 08:36:46",33.9489116666667,"N",-83.375165,"W","2",9,0.87,219.1,-31.4,14.96416
"$GPGGA","2015-08-04 08:36:47",33.948895,"N",-83.37513,"W","2",9,0.87,219.3,-31.4,13.89
"$GPGGA","2015-08-04 08:36:48",33.9488783333333,"N",-83.3750883333333,"W","2",9,0.87,219.4,-31.4,13.27884
"$GPGGA","2015-08-04 08:36:49",33.9488666666667,"N",-83.3750416666667,"W","2",9,0.87,219.5,-31.4,14.05668
"$GPGGA","2015-08-04 08:36:50",33.948865,"N",-83.3749866666667,"W","2",9,0.87,219.7,-31.4,13.46404
"$GPGGA","2015-08-04 08:36:51",33.9488633333333,"N",-83.37493,"W","2",9,0.87,219.8,-31.4,15.31604
"$GPGGA","2015-08-04 08:36:52",33.948865,"N",-83.3748716666667,"W","2",9,0.87,220.1,-31.4,15.3716
"$GPGGA","2015-08-04 08:36:53",33.9488583333333,"N",-83.374825,"W","2",9,0.87,220.4,-31.4,15.81608
"$GPGGA","2015-08-04 08:36:54",33.9488533333333,"N",-83.3747766666667,"W","2",9,0.87,220.6,-31.4,15.29752
"$GPGGA","2015-08-04 08:36:55",33.948855,"N",-83.3747166666667,"W","2",9,0.87,221,-31.4,14.76044
"$GPGGA","2015-08-04 08:36:56",33.9488433333333,"N",-83.37467,"W","2",9,0.87,221.3,-31.4,15.1864
"$GPGGA","2015-08-04 08:36:57",33.9488283333333,"N",-83.3746233333333,"W","2",9,0.87,221.5,-31.4,14.09372
"$GPGGA","2015-08-04 08:36:58",33.9488166666667,"N",-83.3745783333333,"W","2",9,0.87,221.7,-31.4,14.01964
"$GPGGA","2015-08-04 08:36:59",33.9488166666667,"N",-83.3745266666667,"W","2",9,0.87,222,-31.4,12.7788
"$GPGGA","2015-08-04 08:37:00",33.9487883333333,"N",-83.3745033333333,"W","2",9,0.87,222.4,-31.4,12.7788
"$GPGGA","2015-08-04 08:37:01",33.9487716666667,"N",-83.3744466666667,"W","2",8,0.96,222.6,-31.4,12.76028
"$GPGGA","2015-08-04 08:37:02",33.9488116666667,"N",-83.37438,"W","2",9,0.87,223.2,-31.4,15.26048
"$GPGGA","2015-08-04 08:37:03",33.9487933333333,"N",-83.3743266666667,"W","2",8,0.96,223.5,-31.4,16.51984
"$GPGGA","2015-08-04 08:37:04",33.9487766666667,"N",-83.3742816666666,"W","2",9,0.87,223.8,-31.4,15.89016
"$GPGGA","2015-08-04 08:37:05",33.9487616666667,"N",-83.3742316666667,"W","2",8,0.96,224,-31.4,15.89016
"$GPGGA","2015-08-04 08:37:06",33.94874,"N",-83.3741883333333,"W","2",8,0.96,224.2,-31.4,15.24196
"$GPGGA","2015-08-04 08:37:07",33.9487183333333,"N",-83.3741516666667,"W","2",8,0.96,224.6,-31.4,15.5568
"$GPGGA","2015-08-04 08:37:08",33.9487033333333,"N",-83.3741016666666,"W","2",9,0.87,224.8,-31.4,15.6494
"$GPGGA","2015-08-04 08:37:09",33.948695,"N",-83.3740483333333,"W","2",9,0.87,225,-31.4,15.57532
"$GPGGA","2015-08-04 08:37:10",33.948685,"N",-83.3739983333333,"W","2",9,0.87,225.3,-31.4,16.09388
"$GPGGA","2015-08-04 08:37:11",33.9486766666667,"N",-83.37395,"W","2",9,0.87,225.6,-31.4,17.39028
"$GPGGA","2015-08-04 08:37:12",33.94864,"N",-83.3739066666667,"W","2",9,0.87,225.7,-31.4,16.14944
"$GPGGA","2015-08-04 08:37:13",33.9485883333333,"N",-83.37388,"W","2",9,0.87,225.5,-31.4,17.74216
"$GPGGA","2015-08-04 08:37:14",33.9485616666667,"N",-83.37386,"W","2",9,0.87,225.7,-31.4,18.6126
"$GPGGA","2015-08-04 08:37:15",33.9485716666667,"N",-83.3738216666667,"W","2",9,0.87,226.1,-31.4,8.44512
"$GPGGA","2015-08-04 08:37:16",33.94857,"N",-83.3737966666667,"W","2",9,0.87,226.5,-31.4,9.79708
"$GPGGA","2015-08-04 08:37:17",33.94857,"N",-83.3737683333334,"W","2",9,0.87,226.7,-31.4,8.31548
"$GPGGA","2015-08-04 08:37:18",33.94856,"N",-83.3737616666667,"W","2",9,0.87,226.9,-31.4,8.77848
"$GPGGA","2015-08-04 08:37:19",33.9485566666667,"N",-83.373745,"W","2",9,0.87,227,-31.4,8.09324
"$GPGGA","2015-08-04 08:37:20",33.9485516666667,"N",-83.373715,"W","2",9,0.87,227,-31.4,6.33384
"$GPGGA","2015-08-04 08:37:21",33.94856,"N",-83.3736866666667,"W","2",9,0.87,227.1,-31.4,4.66704
"$GPGGA","2015-08-04 08:37:22",33.948575,"N",-83.3736616666667,"W","2",8,0.89,227.1,-31.4,0.24076
"$GPGGA","2015-08-04 08:37:23",33.9485816666667,"N",-83.3736616666667,"W","2",9,0.87,227.5,-31.4,0.25928
"$GPGGA","2015-08-04 08:37:24",33.9485933333333,"N",-83.373675,"W","2",9,0.87,228,-31.4,0.33336
"$GPGGA","2015-08-04 08:37:25",33.9486216666667,"N",-83.373695,"W","2",9,0.87,228.7,-31.4,0.40744
"$GPGGA","2015-08-04 08:37:26",33.9486266666667,"N",-83.3737133333333,"W","2",9,0.87,229.1,-31.4,0.44448
"$GPGGA","2015-08-04 08:37:27",33.9486333333333,"N",-83.37373,"W","2",9,0.87,229.6,-31.4,0.5556
"$GPGGA","2015-08-04 08:37:28",33.9486383333333,"N",-83.3737416666667,"W","2",9,0.87,230,-31.4,0.61116
"$GPGGA","2015-08-04 08:37:29",33.9486433333333,"N",-83.3737416666667,"W","2",9,0.87,230.5,-31.4,0.3704
"$GPGGA","2015-08-04 08:37:30",33.9486466666667,"N",-83.37374,"W","2",9,0.87,230.9,-31.4,0.1852
"$GPGGA","2015-08-04 08:37:31",33.9486483333333,"N",-83.3737483333333,"W","2",9,0.87,231.3,-31.4,0.0926
"$GPGGA","2015-08-04 08:37:32",33.948645,"N",-83.3737516666667,"W","2",9,0.87,231.6,-31.4,0.25928
"$GPGGA","2015-08-04 08:37:33",33.9486416666667,"N",-83.3737566666667,"W","2",9,0.87,232,-31.4,0.20372
"$GPGGA","2015-08-04 08:37:34",33.94864,"N",-83.3737583333333,"W","2",9,0.87,232.3,-31.4,0.11112
"$GPGGA","2015-08-04 08:37:35",33.948645,"N",-83.3737533333333,"W","2",9,0.87,232.5,-31.4,0.2778
"$GPGGA","2015-08-04 08:37:36",33.948645,"N",-83.3737533333333,"W","2",9,0.87,232.5,-31.4,0
"$GPGGA","2015-08-04 08:37:37",33.9486416666667,"N",-83.3737516666667,"W","2",9,0.87,232.5,-31.4,0
"$GPGGA","2015-08-04 08:37:38",33.9486383333333,"N",-83.3737483333333,"W","2",9,0.87,232.5,-31.4,0.14816
"$GPGGA","2015-08-04 08:37:39",33.948635,"N",-83.3737466666667,"W","2",9,0.87,232.5,-31.4,0.16668
"$GPGGA","2015-08-04 08:37:40",33.9486316666667,"N",-83.3737433333334,"W","2",9,0.87,232.5,-31.4,0.16668
"$GPGGA","2015-08-04 08:37:41",33.9486283333333,"N",-83.37374,"W","2",9,0.87,232.5,-31.4,0.20372
"$GPGGA","2015-08-04 08:37:42",33.948625,"N",-83.373735,"W","2",9,0.87,232.5,-31.4,0.20372
"$GPGGA","2015-08-04 08:37:43",33.94862,"N",-83.3737316666667,"W","2",9,0.87,232.5,-31.4,0.20372
"$GPGGA","2015-08-04 08:37:44",33.948615,"N",-83.3737283333333,"W","2",9,0.87,232.5,-31.4,0.22224
"$GPGGA","2015-08-04 08:37:45",33.9486083333333,"N",-83.3737233333333,"W","2",9,0.87,232.4,-31.4,0.2778
"$GPGGA","2015-08-04 08:37:46",33.9486033333333,"N",-83.3737183333333,"W","2",9,0.87,232.4,-31.4,2.92616
"$GPGGA","2015-08-04 08:37:47",33.9485966666667,"N",-83.3737116666666,"W","2",9,0.87,232.4,-31.4,3.20396
"$GPGGA","2015-08-04 08:37:48",33.94859,"N",-83.373705,"W","2",8,0.92,232.4,-31.4,3.57436
"$GPGGA","2015-08-04 08:37:49",33.948585,"N",-83.37369,"W","2",8,0.92,232.4,-31.4,3.704
"$GPGGA","2015-08-04 08:37:50",33.94858,"N",-83.3736716666667,"W","2",7,0.95,232.4,-31.4,3.77808
"$GPGGA","2015-08-04 08:37:51",33.94857,"N",-83.3736533333333,"W","2",5,1.14,232.4,-31.4,4.09292
"$GPGGA","2015-08-04 08:37:52",33.948595,"N",-83.3736183333334,"W","2",5,1.14,232.4,-31.4,4.40776
"$GPGGA","2015-08-04 08:37:53",33.9486266666667,"N",-83.373575,"W","2",6,1.11,232.5,-31.4,4.83372
"$GPGGA","2015-08-04 08:37:54",33.9486216666667,"N",-83.3735433333333,"W","2",6,1.11,232.5,-31.4,5.98196
"$GPGGA","2015-08-04 08:37:55",33.9486133333333,"N",-83.3735016666667,"W","2",4,1.32,232.5,-31.4,6.40792
"$GPGGA","2015-08-04 08:37:56",NA,"",NA,"","0",5,NA,NA,NA,7.0376
"$GPGGA","2015-08-04 08:38:27",33.9487133333333,"N",-83.3738333333333,"W","2",7,1.3,241.4,-31.4,1.389
"$GPGGA","2015-08-04 08:38:28",33.948715,"N",-83.3738483333333,"W","2",7,1.3,237.6,-31.4,1.37048
"$GPGGA","2015-08-04 08:38:29",33.9487183333333,"N",-83.3738916666667,"W","2",7,1.3,235.4,-31.4,1.33344
"$GPGGA","2015-08-04 08:38:30",33.9487166666667,"N",-83.3738933333333,"W","2",7,1.3,234.3,-31.4,1.35196
"$GPGGA","2015-08-04 08:38:31",33.9487166666667,"N",-83.3738933333333,"W","2",7,1.3,233.6,-31.4,1.37048
"$GPGGA","2015-08-04 08:38:32",33.9487133333333,"N",-83.373895,"W","2",7,1.3,233.3,-31.4,1.40752
"$GPGGA","2015-08-04 08:38:33",33.9487166666667,"N",-83.3739133333333,"W","2",7,1.3,233.1,-31.4,1.46308
"$GPGGA","2015-08-04 08:38:34",33.9487183333333,"N",-83.3739166666667,"W","2",7,1.3,233.1,-31.4,1.46308
"$GPGGA","2015-08-04 08:38:35",33.9487083333333,"N",-83.373915,"W","2",7,1.3,233.1,-31.4,1.79644
"$GPGGA","2015-08-04 08:38:36",33.9487033333333,"N",-83.373915,"W","2",7,1.3,233.2,-31.4,2.6854
"$GPGGA","2015-08-04 08:38:37",33.9486983333333,"N",-83.3739083333333,"W","2",7,1.3,233.2,-31.4,2.53724
"$GPGGA","2015-08-04 08:38:38",33.948695,"N",-83.3738966666667,"W","2",7,1.3,233.3,-31.4,2.62984
"$GPGGA","2015-08-04 08:38:39",33.9486916666667,"N",-83.3738883333333,"W","2",7,1.3,233.4,-31.4,3.11136
"$GPGGA","2015-08-04 08:38:40",33.9486883333333,"N",-83.3738816666667,"W","2",7,1.3,233.5,-31.4,3.11136
"$GPGGA","2015-08-04 08:38:41",33.948685,"N",-83.373875,"W","2",7,1.3,233.6,-31.4,3.11136
"$GPGGA","2015-08-04 08:38:42",33.9486783333333,"N",-83.37387,"W","2",6,1.58,233.7,-31.4,3.11136
"$GPGGA","2015-08-04 08:38:43",33.9486733333333,"N",-83.373865,"W","2",6,1.58,233.8,-31.4,3.12988
"$GPGGA","2015-08-04 08:38:44",33.948665,"N",-83.373855,"W","2",5,1.71,233.9,-31.4,3.1484
"$GPGGA","2015-08-04 08:38:45",33.948655,"N",-83.3738383333333,"W","2",5,1.71,234.1,-31.4,3.75956
"$GPGGA","2015-08-04 08:38:46",33.9486466666667,"N",-83.3738183333333,"W","2",5,1.71,234.2,-31.4,4.48184
"$GPGGA","2015-08-04 08:38:47",33.948645,"N",-83.3738083333333,"W","2",4,2.28,234.3,-31.4,5.1856
"$GPGGA","2015-08-04 08:38:48",33.9487716666667,"N",-83.3737583333333,"W","2",4,2.28,234.4,-31.4,5.1856
"$GPGGA","2015-08-04 08:38:49",33.9488916666667,"N",-83.3737033333334,"W","2",4,2.28,234.6,-31.4,6.64868
"$GPGGA","2015-08-04 08:38:50",NA,"",NA,"","0",4,NA,NA,NA,9.723
